seqid,phobius_start,phobius_end,phobius_type
Mnemiopsis_leidyi_26,7,28,TM
Mnemiopsis_leidyi_29,12,33,TM
Mnemiopsis_leidyi_31,90,110,TM
Mnemiopsis_leidyi_77,20,37,TM
Mnemiopsis_leidyi_198,6,28,TM
Mnemiopsis_leidyi_221,224,242,TM
Mnemiopsis_leidyi_224,20,42,TM
Mnemiopsis_leidyi_250,3,10,SP
Mnemiopsis_leidyi_251,146,163,TM
Mnemiopsis_leidyi_252,60,82,TM
Mnemiopsis_leidyi_259,99,118,TM
Mnemiopsis_leidyi_269,46,71,TM
Mnemiopsis_leidyi_279,20,41,TM
Mnemiopsis_leidyi_308,57,79,TM
Mnemiopsis_leidyi_326,3,18,SP
Mnemiopsis_leidyi_364,79,104,TM
Mnemiopsis_leidyi_369,2,9,SP
Mnemiopsis_leidyi_370,6,27,TM
Mnemiopsis_leidyi_376,31,52,TM
Mnemiopsis_leidyi_389,5,12,SP
Mnemiopsis_leidyi_437,3,11,SP
Mnemiopsis_leidyi_438,20,43,TM
Mnemiopsis_leidyi_439,7,29,TM
Mnemiopsis_leidyi_442,21,40,TM
Mnemiopsis_leidyi_454,35,55,TM
Mnemiopsis_leidyi_522,12,33,TM
Mnemiopsis_leidyi_544,79,98,TM
Mnemiopsis_leidyi_583,119,139,TM
Mnemiopsis_leidyi_594,41,60,TM
Mnemiopsis_leidyi_688,65,89,TM
Mnemiopsis_leidyi_709,7,25,TM
Mnemiopsis_leidyi_710,99,121,TM
Mnemiopsis_leidyi_711,25,47,TM
Mnemiopsis_leidyi_726,250,268,TM
Mnemiopsis_leidyi_748,27,45,TM
Mnemiopsis_leidyi_809,18,36,TM
Mnemiopsis_leidyi_827,46,63,TM
Mnemiopsis_leidyi_829,31,48,TM
Mnemiopsis_leidyi_842,4,12,SP
Mnemiopsis_leidyi_852,62,79,TM
Mnemiopsis_leidyi_873,29,48,TM
Mnemiopsis_leidyi_875,6,24,TM
Mnemiopsis_leidyi_877,128,150,TM
Mnemiopsis_leidyi_896,15,26,SP
Mnemiopsis_leidyi_906,12,32,TM
Mnemiopsis_leidyi_973,36,54,TM
Mnemiopsis_leidyi_1054,7,15,SP
Mnemiopsis_leidyi_1055,93,110,TM
Mnemiopsis_leidyi_1098,11,18,SP
Mnemiopsis_leidyi_1148,87,115,TM
Mnemiopsis_leidyi_1188,12,32,TM
Mnemiopsis_leidyi_1258,20,44,TM
Mnemiopsis_leidyi_1297,50,69,TM
Mnemiopsis_leidyi_1301,106,125,TM
Mnemiopsis_leidyi_1335,153,170,TM
Mnemiopsis_leidyi_1336,12,34,TM
Mnemiopsis_leidyi_1441,12,32,TM
Mnemiopsis_leidyi_1471,146,165,TM
Mnemiopsis_leidyi_1475,37,56,TM
Mnemiopsis_leidyi_1512,36,56,TM
Mnemiopsis_leidyi_1523,10,21,SP
Mnemiopsis_leidyi_1530,85,105,TM
Mnemiopsis_leidyi_1531,233,255,TM
Mnemiopsis_leidyi_1537,6,13,SP
Mnemiopsis_leidyi_1542,30,51,TM
Mnemiopsis_leidyi_1543,108,127,TM
Mnemiopsis_leidyi_1547,8,16,SP
Mnemiopsis_leidyi_1554,73,91,TM
Mnemiopsis_leidyi_1562,12,40,TM
Mnemiopsis_leidyi_1568,187,208,TM
Mnemiopsis_leidyi_1630,64,85,TM
Mnemiopsis_leidyi_1652,189,207,TM
Mnemiopsis_leidyi_1655,96,118,TM
Mnemiopsis_leidyi_1736,5,12,SP
Mnemiopsis_leidyi_1749,31,56,TM
Mnemiopsis_leidyi_1750,12,31,TM
Mnemiopsis_leidyi_1753,16,36,TM
Mnemiopsis_leidyi_1754,204,223,TM
Mnemiopsis_leidyi_1772,112,135,TM
Mnemiopsis_leidyi_1787,199,216,TM
Mnemiopsis_leidyi_1795,28,47,TM
Mnemiopsis_leidyi_1823,98,116,TM
Mnemiopsis_leidyi_1838,3,12,SP
Mnemiopsis_leidyi_1843,4,12,SP
Mnemiopsis_leidyi_1864,156,175,TM
Mnemiopsis_leidyi_1868,6,23,TM
Mnemiopsis_leidyi_1869,149,165,TM
Mnemiopsis_leidyi_1884,153,175,TM
Mnemiopsis_leidyi_1914,18,36,TM
Mnemiopsis_leidyi_1925,6,22,TM
Mnemiopsis_leidyi_1956,4,12,SP
Mnemiopsis_leidyi_1963,4,14,SP
Mnemiopsis_leidyi_1974,7,26,TM
Mnemiopsis_leidyi_1979,99,118,TM
Mnemiopsis_leidyi_2024,50,69,TM
Mnemiopsis_leidyi_2027,117,133,TM
Mnemiopsis_leidyi_2183,28,45,TM
Mnemiopsis_leidyi_2184,221,239,TM
Mnemiopsis_leidyi_2296,31,57,TM
Mnemiopsis_leidyi_2300,3,14,SP
Mnemiopsis_leidyi_2319,35,55,TM
Mnemiopsis_leidyi_2340,140,161,TM
Mnemiopsis_leidyi_2344,2,12,SP
Mnemiopsis_leidyi_2384,49,70,TM
Mnemiopsis_leidyi_2390,139,156,TM
Mnemiopsis_leidyi_2405,12,33,TM
Mnemiopsis_leidyi_2408,6,22,TM
Mnemiopsis_leidyi_2409,42,64,TM
Mnemiopsis_leidyi_2417,28,51,TM
Mnemiopsis_leidyi_2453,7,30,TM
Mnemiopsis_leidyi_2461,19,36,TM
Mnemiopsis_leidyi_2482,12,31,TM
Mnemiopsis_leidyi_2512,73,91,TM
Mnemiopsis_leidyi_2516,98,126,TM
Mnemiopsis_leidyi_2520,34,57,TM
Mnemiopsis_leidyi_2551,6,27,TM
Mnemiopsis_leidyi_2562,12,36,TM
Mnemiopsis_leidyi_2564,29,54,TM
Mnemiopsis_leidyi_2565,21,41,TM
Mnemiopsis_leidyi_2567,6,15,SP
Mnemiopsis_leidyi_2576,57,79,TM
Mnemiopsis_leidyi_2598,234,252,TM
Mnemiopsis_leidyi_2604,134,152,TM
Mnemiopsis_leidyi_2606,109,141,TM
Mnemiopsis_leidyi_2637,70,93,TM
Mnemiopsis_leidyi_2779,20,44,TM
Mnemiopsis_leidyi_2791,69,89,TM
Mnemiopsis_leidyi_2804,6,23,TM
Mnemiopsis_leidyi_2809,135,157,TM
Mnemiopsis_leidyi_2829,12,36,TM
Mnemiopsis_leidyi_2830,15,38,TM
Mnemiopsis_leidyi_2833,152,170,TM
Mnemiopsis_leidyi_2888,26,43,TM
Mnemiopsis_leidyi_2889,77,97,TM
Mnemiopsis_leidyi_2899,12,30,TM
Mnemiopsis_leidyi_2929,141,160,TM
Mnemiopsis_leidyi_2943,37,53,TM
Mnemiopsis_leidyi_2952,133,153,TM
Mnemiopsis_leidyi_2953,6,17,SP
Mnemiopsis_leidyi_2957,9,27,SP
Mnemiopsis_leidyi_2959,33,53,TM
Mnemiopsis_leidyi_2990,46,64,TM
Mnemiopsis_leidyi_3023,143,164,TM
Mnemiopsis_leidyi_3028,117,138,TM
Mnemiopsis_leidyi_3040,46,53,SP
Mnemiopsis_leidyi_3080,6,28,TM
Mnemiopsis_leidyi_3083,63,81,TM
Mnemiopsis_leidyi_3084,176,194,TM
Mnemiopsis_leidyi_3126,101,121,TM
Mnemiopsis_leidyi_3172,110,131,TM
Mnemiopsis_leidyi_3173,41,59,TM
Mnemiopsis_leidyi_3174,157,177,TM
Mnemiopsis_leidyi_3211,9,29,TM
Mnemiopsis_leidyi_3237,94,116,TM
Mnemiopsis_leidyi_3262,6,17,SP
Mnemiopsis_leidyi_3263,14,34,TM
Mnemiopsis_leidyi_3270,182,201,TM
Mnemiopsis_leidyi_3300,159,182,TM
Mnemiopsis_leidyi_3366,236,256,TM
Mnemiopsis_leidyi_3376,234,259,TM
Mnemiopsis_leidyi_3390,116,136,TM
Mnemiopsis_leidyi_3418,6,18,SP
Mnemiopsis_leidyi_3457,7,26,TM
Mnemiopsis_leidyi_3504,23,40,TM
Mnemiopsis_leidyi_3569,6,14,SP
Mnemiopsis_leidyi_3583,12,30,TM
Mnemiopsis_leidyi_3690,15,38,TM
Mnemiopsis_leidyi_3720,12,29,TM
Mnemiopsis_leidyi_3880,54,73,TM
Mnemiopsis_leidyi_3890,84,102,TM
Mnemiopsis_leidyi_3897,42,62,TM
Mnemiopsis_leidyi_3901,186,203,TM
Mnemiopsis_leidyi_3927,190,209,TM
Mnemiopsis_leidyi_3952,111,132,TM
Mnemiopsis_leidyi_3969,18,37,TM
Mnemiopsis_leidyi_4018,12,31,TM
Mnemiopsis_leidyi_4019,6,27,TM
Mnemiopsis_leidyi_4056,4,12,SP
Mnemiopsis_leidyi_4071,20,39,TM
Mnemiopsis_leidyi_4107,82,110,TM
Mnemiopsis_leidyi_4121,6,22,TM
Mnemiopsis_leidyi_4226,12,30,TM
Mnemiopsis_leidyi_4281,8,15,SP
Mnemiopsis_leidyi_4284,20,44,TM
Mnemiopsis_leidyi_4312,6,27,TM
Mnemiopsis_leidyi_4387,3,13,SP
Mnemiopsis_leidyi_4453,20,42,TM
Mnemiopsis_leidyi_4482,21,40,TM
Mnemiopsis_leidyi_4506,40,72,TM
Mnemiopsis_leidyi_4517,13,34,TM
Mnemiopsis_leidyi_4631,194,212,TM
Mnemiopsis_leidyi_4753,57,81,TM
Mnemiopsis_leidyi_4789,32,40,SP
Mnemiopsis_leidyi_4796,158,178,TM
Mnemiopsis_leidyi_4878,7,24,TM
Mnemiopsis_leidyi_4901,25,42,TM
Mnemiopsis_leidyi_4902,126,143,TM
Mnemiopsis_leidyi_4970,42,58,TM
Mnemiopsis_leidyi_4978,24,32,SP
Mnemiopsis_leidyi_5086,30,57,TM
Mnemiopsis_leidyi_5109,100,120,TM
Mnemiopsis_leidyi_5117,32,51,TM
Mnemiopsis_leidyi_5163,12,31,TM
Mnemiopsis_leidyi_5207,23,31,SP
Mnemiopsis_leidyi_5215,22,44,TM
Mnemiopsis_leidyi_5220,6,25,TM
Mnemiopsis_leidyi_5237,21,41,TM
Mnemiopsis_leidyi_5258,157,175,TM
Mnemiopsis_leidyi_5263,31,53,TM
Mnemiopsis_leidyi_5300,2,12,SP
Mnemiopsis_leidyi_5483,56,80,TM
Mnemiopsis_leidyi_5514,27,48,TM
Mnemiopsis_leidyi_5524,217,238,TM
Mnemiopsis_leidyi_5660,179,201,TM
Mnemiopsis_leidyi_5682,5,25,TM
Mnemiopsis_leidyi_5706,39,63,TM
Mnemiopsis_leidyi_5730,15,37,TM
Mnemiopsis_leidyi_5742,12,34,TM
Mnemiopsis_leidyi_5743,111,135,TM
Mnemiopsis_leidyi_5760,156,173,TM
Mnemiopsis_leidyi_5847,116,140,TM
Mnemiopsis_leidyi_5903,58,76,TM
Mnemiopsis_leidyi_5904,248,268,TM
Mnemiopsis_leidyi_5908,31,48,TM
Mnemiopsis_leidyi_5910,41,58,TM
Mnemiopsis_leidyi_5927,12,36,TM
Mnemiopsis_leidyi_5982,56,79,TM
Mnemiopsis_leidyi_5986,12,36,TM
Mnemiopsis_leidyi_5999,22,30,SP
Mnemiopsis_leidyi_6050,6,16,SP
Mnemiopsis_leidyi_6141,6,24,TM
Mnemiopsis_leidyi_6193,3,15,SP
Mnemiopsis_leidyi_6212,20,41,TM
Mnemiopsis_leidyi_6222,141,159,TM
Mnemiopsis_leidyi_6229,23,46,TM
Mnemiopsis_leidyi_6247,40,58,TM
Mnemiopsis_leidyi_6284,12,34,TM
Mnemiopsis_leidyi_6312,111,132,TM
Mnemiopsis_leidyi_6315,9,20,SP
Mnemiopsis_leidyi_6320,6,24,TM
Mnemiopsis_leidyi_6357,7,28,TM
Mnemiopsis_leidyi_6366,24,42,TM
Mnemiopsis_leidyi_6370,177,197,TM
Mnemiopsis_leidyi_6381,165,187,TM
Mnemiopsis_leidyi_6395,12,35,TM
Mnemiopsis_leidyi_6398,147,167,TM
Mnemiopsis_leidyi_6482,17,35,TM
Mnemiopsis_leidyi_6552,108,128,TM
Mnemiopsis_leidyi_6568,106,123,TM
Mnemiopsis_leidyi_6577,67,86,TM
Mnemiopsis_leidyi_6621,14,35,TM
Mnemiopsis_leidyi_6642,94,112,TM
Mnemiopsis_leidyi_6818,9,26,TM
Mnemiopsis_leidyi_6842,38,58,TM
Mnemiopsis_leidyi_6869,152,174,TM
Mnemiopsis_leidyi_6875,41,51,SP
Mnemiopsis_leidyi_6878,34,51,TM
Mnemiopsis_leidyi_7046,7,29,TM
Mnemiopsis_leidyi_7048,2,9,SP
Mnemiopsis_leidyi_7077,82,99,TM
Mnemiopsis_leidyi_7154,26,45,TM
Mnemiopsis_leidyi_7172,115,135,TM
Mnemiopsis_leidyi_7173,70,87,TM
Mnemiopsis_leidyi_7195,155,177,TM
Mnemiopsis_leidyi_7246,7,26,TM
Mnemiopsis_leidyi_7247,20,38,TM
Mnemiopsis_leidyi_7263,200,219,TM
Mnemiopsis_leidyi_7268,48,66,TM
Mnemiopsis_leidyi_7281,15,33,TM
Mnemiopsis_leidyi_7285,12,20,SP
Mnemiopsis_leidyi_7339,22,33,SP
Mnemiopsis_leidyi_7355,126,146,TM
Mnemiopsis_leidyi_7356,198,218,TM
Mnemiopsis_leidyi_7364,5,26,TM
Mnemiopsis_leidyi_7399,35,60,TM
Mnemiopsis_leidyi_7403,171,193,TM
Mnemiopsis_leidyi_7447,69,86,TM
Mnemiopsis_leidyi_7456,25,42,TM
Mnemiopsis_leidyi_7458,251,269,TM
Mnemiopsis_leidyi_7500,36,61,TM
Mnemiopsis_leidyi_7513,50,69,TM
Mnemiopsis_leidyi_7577,70,95,TM
Mnemiopsis_leidyi_7578,4,12,SP
Mnemiopsis_leidyi_7591,120,138,TM
Mnemiopsis_leidyi_7598,182,204,TM
Mnemiopsis_leidyi_7623,204,222,TM
Mnemiopsis_leidyi_7659,2,13,SP
Mnemiopsis_leidyi_7679,3,11,SP
Mnemiopsis_leidyi_7685,7,35,TM
Mnemiopsis_leidyi_7699,195,216,TM
Mnemiopsis_leidyi_7714,15,23,SP
Mnemiopsis_leidyi_7757,14,22,SP
Mnemiopsis_leidyi_7803,50,72,TM
Mnemiopsis_leidyi_7816,62,80,TM
Mnemiopsis_leidyi_7835,89,107,TM
Mnemiopsis_leidyi_7882,62,83,TM
Mnemiopsis_leidyi_7903,181,198,TM
Mnemiopsis_leidyi_7911,10,18,SP
Mnemiopsis_leidyi_7917,62,83,TM
Mnemiopsis_leidyi_8054,6,17,SP
Mnemiopsis_leidyi_8078,6,22,TM
Mnemiopsis_leidyi_8079,37,54,TM
Mnemiopsis_leidyi_8144,54,73,TM
Mnemiopsis_leidyi_8162,87,106,TM
Mnemiopsis_leidyi_8169,12,29,TM
Mnemiopsis_leidyi_8200,6,17,SP
Mnemiopsis_leidyi_8247,12,28,TM
Mnemiopsis_leidyi_8259,37,54,TM
Mnemiopsis_leidyi_8311,79,109,TM
Mnemiopsis_leidyi_8379,4,14,SP
Mnemiopsis_leidyi_8415,12,32,TM
Mnemiopsis_leidyi_8421,102,125,TM
Mnemiopsis_leidyi_8432,136,154,TM
Mnemiopsis_leidyi_8433,30,51,TM
Mnemiopsis_leidyi_8451,37,56,TM
Mnemiopsis_leidyi_8471,12,24,SP
Mnemiopsis_leidyi_8473,50,75,TM
Mnemiopsis_leidyi_8491,15,23,SP
Mnemiopsis_leidyi_8565,9,20,SP
Mnemiopsis_leidyi_8567,3,14,SP
Mnemiopsis_leidyi_8577,19,27,SP
Mnemiopsis_leidyi_8578,6,27,TM
Mnemiopsis_leidyi_8623,20,39,TM
Mnemiopsis_leidyi_8637,44,65,TM
Mnemiopsis_leidyi_8642,104,128,TM
Mnemiopsis_leidyi_8649,6,29,TM
Mnemiopsis_leidyi_8657,42,65,TM
Mnemiopsis_leidyi_8662,15,34,TM
Mnemiopsis_leidyi_8670,41,65,TM
Mnemiopsis_leidyi_8676,32,49,TM
Mnemiopsis_leidyi_8707,75,94,TM
Mnemiopsis_leidyi_8716,27,45,TM
Mnemiopsis_leidyi_8727,2,13,SP
Mnemiopsis_leidyi_8730,51,73,TM
Mnemiopsis_leidyi_8754,21,47,TM
Mnemiopsis_leidyi_8764,25,47,TM
Mnemiopsis_leidyi_8767,45,62,TM
Mnemiopsis_leidyi_8776,49,66,TM
Mnemiopsis_leidyi_8808,32,50,TM
Mnemiopsis_leidyi_8816,15,26,SP
Mnemiopsis_leidyi_8835,18,38,TM
Mnemiopsis_leidyi_8866,198,219,TM
Mnemiopsis_leidyi_8879,68,87,TM
Mnemiopsis_leidyi_8881,86,107,TM
Mnemiopsis_leidyi_8884,7,24,TM
Mnemiopsis_leidyi_8905,21,41,TM
Mnemiopsis_leidyi_8934,169,186,TM
Mnemiopsis_leidyi_8946,40,73,TM
Mnemiopsis_leidyi_2,0,0,OTHER
Mnemiopsis_leidyi_12,0,0,OTHER
Mnemiopsis_leidyi_15,0,0,OTHER
Mnemiopsis_leidyi_27,0,0,OTHER
Mnemiopsis_leidyi_28,0,0,OTHER
Mnemiopsis_leidyi_35,0,0,OTHER
Mnemiopsis_leidyi_38,0,0,OTHER
Mnemiopsis_leidyi_39,0,0,OTHER
Mnemiopsis_leidyi_41,0,0,OTHER
Mnemiopsis_leidyi_42,0,0,OTHER
Mnemiopsis_leidyi_43,0,0,OTHER
Mnemiopsis_leidyi_50,0,0,OTHER
Mnemiopsis_leidyi_52,0,0,OTHER
Mnemiopsis_leidyi_54,0,0,OTHER
Mnemiopsis_leidyi_55,0,0,OTHER
Mnemiopsis_leidyi_58,0,0,OTHER
Mnemiopsis_leidyi_67,0,0,OTHER
Mnemiopsis_leidyi_69,0,0,OTHER
Mnemiopsis_leidyi_70,0,0,OTHER
Mnemiopsis_leidyi_79,0,0,OTHER
Mnemiopsis_leidyi_83,0,0,OTHER
Mnemiopsis_leidyi_87,0,0,OTHER
Mnemiopsis_leidyi_88,0,0,OTHER
Mnemiopsis_leidyi_89,0,0,OTHER
Mnemiopsis_leidyi_91,0,0,OTHER
Mnemiopsis_leidyi_94,0,0,OTHER
Mnemiopsis_leidyi_96,0,0,OTHER
Mnemiopsis_leidyi_99,0,0,OTHER
Mnemiopsis_leidyi_107,0,0,OTHER
Mnemiopsis_leidyi_108,0,0,OTHER
Mnemiopsis_leidyi_109,0,0,OTHER
Mnemiopsis_leidyi_110,0,0,OTHER
Mnemiopsis_leidyi_116,0,0,OTHER
Mnemiopsis_leidyi_119,0,0,OTHER
Mnemiopsis_leidyi_124,0,0,OTHER
Mnemiopsis_leidyi_134,0,0,OTHER
Mnemiopsis_leidyi_136,0,0,OTHER
Mnemiopsis_leidyi_137,0,0,OTHER
Mnemiopsis_leidyi_139,0,0,OTHER
Mnemiopsis_leidyi_141,0,0,OTHER
Mnemiopsis_leidyi_142,0,0,OTHER
Mnemiopsis_leidyi_145,0,0,OTHER
Mnemiopsis_leidyi_146,0,0,OTHER
Mnemiopsis_leidyi_147,0,0,OTHER
Mnemiopsis_leidyi_148,0,0,OTHER
Mnemiopsis_leidyi_151,0,0,OTHER
Mnemiopsis_leidyi_154,0,0,OTHER
Mnemiopsis_leidyi_157,0,0,OTHER
Mnemiopsis_leidyi_163,0,0,OTHER
Mnemiopsis_leidyi_165,0,0,OTHER
Mnemiopsis_leidyi_169,0,0,OTHER
Mnemiopsis_leidyi_173,0,0,OTHER
Mnemiopsis_leidyi_175,0,0,OTHER
Mnemiopsis_leidyi_185,0,0,OTHER
Mnemiopsis_leidyi_186,0,0,OTHER
Mnemiopsis_leidyi_187,0,0,OTHER
Mnemiopsis_leidyi_190,0,0,OTHER
Mnemiopsis_leidyi_193,0,0,OTHER
Mnemiopsis_leidyi_195,0,0,OTHER
Mnemiopsis_leidyi_196,0,0,OTHER
Mnemiopsis_leidyi_197,0,0,OTHER
Mnemiopsis_leidyi_199,0,0,OTHER
Mnemiopsis_leidyi_200,0,0,OTHER
Mnemiopsis_leidyi_202,0,0,OTHER
Mnemiopsis_leidyi_211,0,0,OTHER
Mnemiopsis_leidyi_217,0,0,OTHER
Mnemiopsis_leidyi_218,0,0,OTHER
Mnemiopsis_leidyi_219,0,0,OTHER
Mnemiopsis_leidyi_223,0,0,OTHER
Mnemiopsis_leidyi_230,0,0,OTHER
Mnemiopsis_leidyi_231,0,0,OTHER
Mnemiopsis_leidyi_234,0,0,OTHER
Mnemiopsis_leidyi_236,0,0,OTHER
Mnemiopsis_leidyi_237,0,0,OTHER
Mnemiopsis_leidyi_239,0,0,OTHER
Mnemiopsis_leidyi_241,0,0,OTHER
Mnemiopsis_leidyi_242,0,0,OTHER
Mnemiopsis_leidyi_244,0,0,OTHER
Mnemiopsis_leidyi_248,0,0,OTHER
Mnemiopsis_leidyi_253,0,0,OTHER
Mnemiopsis_leidyi_255,0,0,OTHER
Mnemiopsis_leidyi_262,0,0,OTHER
Mnemiopsis_leidyi_264,0,0,OTHER
Mnemiopsis_leidyi_265,0,0,OTHER
Mnemiopsis_leidyi_274,0,0,OTHER
Mnemiopsis_leidyi_280,0,0,OTHER
Mnemiopsis_leidyi_283,0,0,OTHER
Mnemiopsis_leidyi_284,0,0,OTHER
Mnemiopsis_leidyi_285,0,0,OTHER
Mnemiopsis_leidyi_287,0,0,OTHER
Mnemiopsis_leidyi_290,0,0,OTHER
Mnemiopsis_leidyi_292,0,0,OTHER
Mnemiopsis_leidyi_300,0,0,OTHER
Mnemiopsis_leidyi_302,0,0,OTHER
Mnemiopsis_leidyi_304,0,0,OTHER
Mnemiopsis_leidyi_307,0,0,OTHER
Mnemiopsis_leidyi_310,0,0,OTHER
Mnemiopsis_leidyi_315,0,0,OTHER
Mnemiopsis_leidyi_323,0,0,OTHER
Mnemiopsis_leidyi_324,0,0,OTHER
Mnemiopsis_leidyi_327,0,0,OTHER
Mnemiopsis_leidyi_333,0,0,OTHER
Mnemiopsis_leidyi_334,0,0,OTHER
Mnemiopsis_leidyi_338,0,0,OTHER
Mnemiopsis_leidyi_345,0,0,OTHER
Mnemiopsis_leidyi_363,0,0,OTHER
Mnemiopsis_leidyi_373,0,0,OTHER
Mnemiopsis_leidyi_378,0,0,OTHER
Mnemiopsis_leidyi_379,0,0,OTHER
Mnemiopsis_leidyi_381,0,0,OTHER
Mnemiopsis_leidyi_385,0,0,OTHER
Mnemiopsis_leidyi_387,0,0,OTHER
Mnemiopsis_leidyi_404,0,0,OTHER
Mnemiopsis_leidyi_409,0,0,OTHER
Mnemiopsis_leidyi_412,0,0,OTHER
Mnemiopsis_leidyi_414,0,0,OTHER
Mnemiopsis_leidyi_417,0,0,OTHER
Mnemiopsis_leidyi_418,0,0,OTHER
Mnemiopsis_leidyi_419,0,0,OTHER
Mnemiopsis_leidyi_425,0,0,OTHER
Mnemiopsis_leidyi_433,0,0,OTHER
Mnemiopsis_leidyi_443,0,0,OTHER
Mnemiopsis_leidyi_446,0,0,OTHER
Mnemiopsis_leidyi_451,0,0,OTHER
Mnemiopsis_leidyi_452,0,0,OTHER
Mnemiopsis_leidyi_453,0,0,OTHER
Mnemiopsis_leidyi_460,0,0,OTHER
Mnemiopsis_leidyi_462,0,0,OTHER
Mnemiopsis_leidyi_473,0,0,OTHER
Mnemiopsis_leidyi_477,0,0,OTHER
Mnemiopsis_leidyi_479,0,0,OTHER
Mnemiopsis_leidyi_481,0,0,OTHER
Mnemiopsis_leidyi_487,0,0,OTHER
Mnemiopsis_leidyi_489,0,0,OTHER
Mnemiopsis_leidyi_492,0,0,OTHER
Mnemiopsis_leidyi_496,0,0,OTHER
Mnemiopsis_leidyi_497,0,0,OTHER
Mnemiopsis_leidyi_498,0,0,OTHER
Mnemiopsis_leidyi_499,0,0,OTHER
Mnemiopsis_leidyi_500,0,0,OTHER
Mnemiopsis_leidyi_509,0,0,OTHER
Mnemiopsis_leidyi_510,0,0,OTHER
Mnemiopsis_leidyi_511,0,0,OTHER
Mnemiopsis_leidyi_517,0,0,OTHER
Mnemiopsis_leidyi_519,0,0,OTHER
Mnemiopsis_leidyi_523,0,0,OTHER
Mnemiopsis_leidyi_530,0,0,OTHER
Mnemiopsis_leidyi_533,0,0,OTHER
Mnemiopsis_leidyi_537,0,0,OTHER
Mnemiopsis_leidyi_538,0,0,OTHER
Mnemiopsis_leidyi_540,0,0,OTHER
Mnemiopsis_leidyi_543,0,0,OTHER
Mnemiopsis_leidyi_547,0,0,OTHER
Mnemiopsis_leidyi_549,0,0,OTHER
Mnemiopsis_leidyi_550,0,0,OTHER
Mnemiopsis_leidyi_556,0,0,OTHER
Mnemiopsis_leidyi_561,0,0,OTHER
Mnemiopsis_leidyi_567,0,0,OTHER
Mnemiopsis_leidyi_569,0,0,OTHER
Mnemiopsis_leidyi_572,0,0,OTHER
Mnemiopsis_leidyi_577,0,0,OTHER
Mnemiopsis_leidyi_589,0,0,OTHER
Mnemiopsis_leidyi_596,0,0,OTHER
Mnemiopsis_leidyi_605,0,0,OTHER
Mnemiopsis_leidyi_606,0,0,OTHER
Mnemiopsis_leidyi_610,0,0,OTHER
Mnemiopsis_leidyi_614,0,0,OTHER
Mnemiopsis_leidyi_615,0,0,OTHER
Mnemiopsis_leidyi_627,0,0,OTHER
Mnemiopsis_leidyi_628,0,0,OTHER
Mnemiopsis_leidyi_633,0,0,OTHER
Mnemiopsis_leidyi_636,0,0,OTHER
Mnemiopsis_leidyi_641,0,0,OTHER
Mnemiopsis_leidyi_643,0,0,OTHER
Mnemiopsis_leidyi_645,0,0,OTHER
Mnemiopsis_leidyi_646,0,0,OTHER
Mnemiopsis_leidyi_648,0,0,OTHER
Mnemiopsis_leidyi_652,0,0,OTHER
Mnemiopsis_leidyi_655,0,0,OTHER
Mnemiopsis_leidyi_657,0,0,OTHER
Mnemiopsis_leidyi_658,0,0,OTHER
Mnemiopsis_leidyi_661,0,0,OTHER
Mnemiopsis_leidyi_665,0,0,OTHER
Mnemiopsis_leidyi_669,0,0,OTHER
Mnemiopsis_leidyi_672,0,0,OTHER
Mnemiopsis_leidyi_673,0,0,OTHER
Mnemiopsis_leidyi_676,0,0,OTHER
Mnemiopsis_leidyi_677,0,0,OTHER
Mnemiopsis_leidyi_678,0,0,OTHER
Mnemiopsis_leidyi_679,0,0,OTHER
Mnemiopsis_leidyi_683,0,0,OTHER
Mnemiopsis_leidyi_684,0,0,OTHER
Mnemiopsis_leidyi_685,0,0,OTHER
Mnemiopsis_leidyi_691,0,0,OTHER
Mnemiopsis_leidyi_692,0,0,OTHER
Mnemiopsis_leidyi_694,0,0,OTHER
Mnemiopsis_leidyi_697,0,0,OTHER
Mnemiopsis_leidyi_698,0,0,OTHER
Mnemiopsis_leidyi_699,0,0,OTHER
Mnemiopsis_leidyi_702,0,0,OTHER
Mnemiopsis_leidyi_713,0,0,OTHER
Mnemiopsis_leidyi_715,0,0,OTHER
Mnemiopsis_leidyi_722,0,0,OTHER
Mnemiopsis_leidyi_725,0,0,OTHER
Mnemiopsis_leidyi_733,0,0,OTHER
Mnemiopsis_leidyi_734,0,0,OTHER
Mnemiopsis_leidyi_736,0,0,OTHER
Mnemiopsis_leidyi_739,0,0,OTHER
Mnemiopsis_leidyi_740,0,0,OTHER
Mnemiopsis_leidyi_743,0,0,OTHER
Mnemiopsis_leidyi_744,0,0,OTHER
Mnemiopsis_leidyi_749,0,0,OTHER
Mnemiopsis_leidyi_755,0,0,OTHER
Mnemiopsis_leidyi_759,0,0,OTHER
Mnemiopsis_leidyi_761,0,0,OTHER
Mnemiopsis_leidyi_762,0,0,OTHER
Mnemiopsis_leidyi_763,0,0,OTHER
Mnemiopsis_leidyi_764,0,0,OTHER
Mnemiopsis_leidyi_770,0,0,OTHER
Mnemiopsis_leidyi_774,0,0,OTHER
Mnemiopsis_leidyi_783,0,0,OTHER
Mnemiopsis_leidyi_798,0,0,OTHER
Mnemiopsis_leidyi_800,0,0,OTHER
Mnemiopsis_leidyi_805,0,0,OTHER
Mnemiopsis_leidyi_807,0,0,OTHER
Mnemiopsis_leidyi_812,0,0,OTHER
Mnemiopsis_leidyi_813,0,0,OTHER
Mnemiopsis_leidyi_814,0,0,OTHER
Mnemiopsis_leidyi_818,0,0,OTHER
Mnemiopsis_leidyi_819,0,0,OTHER
Mnemiopsis_leidyi_824,0,0,OTHER
Mnemiopsis_leidyi_828,0,0,OTHER
Mnemiopsis_leidyi_832,0,0,OTHER
Mnemiopsis_leidyi_839,0,0,OTHER
Mnemiopsis_leidyi_840,0,0,OTHER
Mnemiopsis_leidyi_841,0,0,OTHER
Mnemiopsis_leidyi_843,0,0,OTHER
Mnemiopsis_leidyi_848,0,0,OTHER
Mnemiopsis_leidyi_851,0,0,OTHER
Mnemiopsis_leidyi_859,0,0,OTHER
Mnemiopsis_leidyi_869,0,0,OTHER
Mnemiopsis_leidyi_881,0,0,OTHER
Mnemiopsis_leidyi_887,0,0,OTHER
Mnemiopsis_leidyi_888,0,0,OTHER
Mnemiopsis_leidyi_895,0,0,OTHER
Mnemiopsis_leidyi_904,0,0,OTHER
Mnemiopsis_leidyi_909,0,0,OTHER
Mnemiopsis_leidyi_910,0,0,OTHER
Mnemiopsis_leidyi_930,0,0,OTHER
Mnemiopsis_leidyi_949,0,0,OTHER
Mnemiopsis_leidyi_950,0,0,OTHER
Mnemiopsis_leidyi_957,0,0,OTHER
Mnemiopsis_leidyi_958,0,0,OTHER
Mnemiopsis_leidyi_959,0,0,OTHER
Mnemiopsis_leidyi_960,0,0,OTHER
Mnemiopsis_leidyi_961,0,0,OTHER
Mnemiopsis_leidyi_962,0,0,OTHER
Mnemiopsis_leidyi_965,0,0,OTHER
Mnemiopsis_leidyi_974,0,0,OTHER
Mnemiopsis_leidyi_979,0,0,OTHER
Mnemiopsis_leidyi_982,0,0,OTHER
Mnemiopsis_leidyi_983,0,0,OTHER
Mnemiopsis_leidyi_986,0,0,OTHER
Mnemiopsis_leidyi_989,0,0,OTHER
Mnemiopsis_leidyi_993,0,0,OTHER
Mnemiopsis_leidyi_999,0,0,OTHER
Mnemiopsis_leidyi_1005,0,0,OTHER
Mnemiopsis_leidyi_1007,0,0,OTHER
Mnemiopsis_leidyi_1014,0,0,OTHER
Mnemiopsis_leidyi_1025,0,0,OTHER
Mnemiopsis_leidyi_1027,0,0,OTHER
Mnemiopsis_leidyi_1035,0,0,OTHER
Mnemiopsis_leidyi_1041,0,0,OTHER
Mnemiopsis_leidyi_1048,0,0,OTHER
Mnemiopsis_leidyi_1050,0,0,OTHER
Mnemiopsis_leidyi_1057,0,0,OTHER
Mnemiopsis_leidyi_1065,0,0,OTHER
Mnemiopsis_leidyi_1073,0,0,OTHER
Mnemiopsis_leidyi_1075,0,0,OTHER
Mnemiopsis_leidyi_1076,0,0,OTHER
Mnemiopsis_leidyi_1078,0,0,OTHER
Mnemiopsis_leidyi_1079,0,0,OTHER
Mnemiopsis_leidyi_1082,0,0,OTHER
Mnemiopsis_leidyi_1084,0,0,OTHER
Mnemiopsis_leidyi_1090,0,0,OTHER
Mnemiopsis_leidyi_1092,0,0,OTHER
Mnemiopsis_leidyi_1093,0,0,OTHER
Mnemiopsis_leidyi_1101,0,0,OTHER
Mnemiopsis_leidyi_1103,0,0,OTHER
Mnemiopsis_leidyi_1110,0,0,OTHER
Mnemiopsis_leidyi_1118,0,0,OTHER
Mnemiopsis_leidyi_1122,0,0,OTHER
Mnemiopsis_leidyi_1123,0,0,OTHER
Mnemiopsis_leidyi_1124,0,0,OTHER
Mnemiopsis_leidyi_1126,0,0,OTHER
Mnemiopsis_leidyi_1140,0,0,OTHER
Mnemiopsis_leidyi_1147,0,0,OTHER
Mnemiopsis_leidyi_1151,0,0,OTHER
Mnemiopsis_leidyi_1160,0,0,OTHER
Mnemiopsis_leidyi_1167,0,0,OTHER
Mnemiopsis_leidyi_1168,0,0,OTHER
Mnemiopsis_leidyi_1169,0,0,OTHER
Mnemiopsis_leidyi_1176,0,0,OTHER
Mnemiopsis_leidyi_1177,0,0,OTHER
Mnemiopsis_leidyi_1178,0,0,OTHER
Mnemiopsis_leidyi_1179,0,0,OTHER
Mnemiopsis_leidyi_1187,0,0,OTHER
Mnemiopsis_leidyi_1189,0,0,OTHER
Mnemiopsis_leidyi_1197,0,0,OTHER
Mnemiopsis_leidyi_1201,0,0,OTHER
Mnemiopsis_leidyi_1204,0,0,OTHER
Mnemiopsis_leidyi_1205,0,0,OTHER
Mnemiopsis_leidyi_1212,0,0,OTHER
Mnemiopsis_leidyi_1213,0,0,OTHER
Mnemiopsis_leidyi_1214,0,0,OTHER
Mnemiopsis_leidyi_1215,0,0,OTHER
Mnemiopsis_leidyi_1219,0,0,OTHER
Mnemiopsis_leidyi_1220,0,0,OTHER
Mnemiopsis_leidyi_1223,0,0,OTHER
Mnemiopsis_leidyi_1226,0,0,OTHER
Mnemiopsis_leidyi_1232,0,0,OTHER
Mnemiopsis_leidyi_1234,0,0,OTHER
Mnemiopsis_leidyi_1237,0,0,OTHER
Mnemiopsis_leidyi_1240,0,0,OTHER
Mnemiopsis_leidyi_1241,0,0,OTHER
Mnemiopsis_leidyi_1247,0,0,OTHER
Mnemiopsis_leidyi_1250,0,0,OTHER
Mnemiopsis_leidyi_1252,0,0,OTHER
Mnemiopsis_leidyi_1257,0,0,OTHER
Mnemiopsis_leidyi_1260,0,0,OTHER
Mnemiopsis_leidyi_1265,0,0,OTHER
Mnemiopsis_leidyi_1266,0,0,OTHER
Mnemiopsis_leidyi_1270,0,0,OTHER
Mnemiopsis_leidyi_1271,0,0,OTHER
Mnemiopsis_leidyi_1275,0,0,OTHER
Mnemiopsis_leidyi_1279,0,0,OTHER
Mnemiopsis_leidyi_1280,0,0,OTHER
Mnemiopsis_leidyi_1284,0,0,OTHER
Mnemiopsis_leidyi_1291,0,0,OTHER
Mnemiopsis_leidyi_1293,0,0,OTHER
Mnemiopsis_leidyi_1296,0,0,OTHER
Mnemiopsis_leidyi_1299,0,0,OTHER
Mnemiopsis_leidyi_1300,0,0,OTHER
Mnemiopsis_leidyi_1304,0,0,OTHER
Mnemiopsis_leidyi_1305,0,0,OTHER
Mnemiopsis_leidyi_1312,0,0,OTHER
Mnemiopsis_leidyi_1313,0,0,OTHER
Mnemiopsis_leidyi_1320,0,0,OTHER
Mnemiopsis_leidyi_1322,0,0,OTHER
Mnemiopsis_leidyi_1324,0,0,OTHER
Mnemiopsis_leidyi_1342,0,0,OTHER
Mnemiopsis_leidyi_1349,0,0,OTHER
Mnemiopsis_leidyi_1350,0,0,OTHER
Mnemiopsis_leidyi_1354,0,0,OTHER
Mnemiopsis_leidyi_1355,0,0,OTHER
Mnemiopsis_leidyi_1360,0,0,OTHER
Mnemiopsis_leidyi_1363,0,0,OTHER
Mnemiopsis_leidyi_1367,0,0,OTHER
Mnemiopsis_leidyi_1370,0,0,OTHER
Mnemiopsis_leidyi_1382,0,0,OTHER
Mnemiopsis_leidyi_1384,0,0,OTHER
Mnemiopsis_leidyi_1386,0,0,OTHER
Mnemiopsis_leidyi_1391,0,0,OTHER
Mnemiopsis_leidyi_1392,0,0,OTHER
Mnemiopsis_leidyi_1399,0,0,OTHER
Mnemiopsis_leidyi_1403,0,0,OTHER
Mnemiopsis_leidyi_1410,0,0,OTHER
Mnemiopsis_leidyi_1414,0,0,OTHER
Mnemiopsis_leidyi_1415,0,0,OTHER
Mnemiopsis_leidyi_1416,0,0,OTHER
Mnemiopsis_leidyi_1418,0,0,OTHER
Mnemiopsis_leidyi_1420,0,0,OTHER
Mnemiopsis_leidyi_1422,0,0,OTHER
Mnemiopsis_leidyi_1424,0,0,OTHER
Mnemiopsis_leidyi_1435,0,0,OTHER
Mnemiopsis_leidyi_1438,0,0,OTHER
Mnemiopsis_leidyi_1442,0,0,OTHER
Mnemiopsis_leidyi_1444,0,0,OTHER
Mnemiopsis_leidyi_1457,0,0,OTHER
Mnemiopsis_leidyi_1462,0,0,OTHER
Mnemiopsis_leidyi_1464,0,0,OTHER
Mnemiopsis_leidyi_1466,0,0,OTHER
Mnemiopsis_leidyi_1467,0,0,OTHER
Mnemiopsis_leidyi_1480,0,0,OTHER
Mnemiopsis_leidyi_1482,0,0,OTHER
Mnemiopsis_leidyi_1504,0,0,OTHER
Mnemiopsis_leidyi_1505,0,0,OTHER
Mnemiopsis_leidyi_1506,0,0,OTHER
Mnemiopsis_leidyi_1517,0,0,OTHER
Mnemiopsis_leidyi_1520,0,0,OTHER
Mnemiopsis_leidyi_1528,0,0,OTHER
Mnemiopsis_leidyi_1529,0,0,OTHER
Mnemiopsis_leidyi_1532,0,0,OTHER
Mnemiopsis_leidyi_1536,0,0,OTHER
Mnemiopsis_leidyi_1559,0,0,OTHER
Mnemiopsis_leidyi_1565,0,0,OTHER
Mnemiopsis_leidyi_1567,0,0,OTHER
Mnemiopsis_leidyi_1569,0,0,OTHER
Mnemiopsis_leidyi_1571,0,0,OTHER
Mnemiopsis_leidyi_1579,0,0,OTHER
Mnemiopsis_leidyi_1580,0,0,OTHER
Mnemiopsis_leidyi_1581,0,0,OTHER
Mnemiopsis_leidyi_1583,0,0,OTHER
Mnemiopsis_leidyi_1587,0,0,OTHER
Mnemiopsis_leidyi_1594,0,0,OTHER
Mnemiopsis_leidyi_1595,0,0,OTHER
Mnemiopsis_leidyi_1596,0,0,OTHER
Mnemiopsis_leidyi_1599,0,0,OTHER
Mnemiopsis_leidyi_1604,0,0,OTHER
Mnemiopsis_leidyi_1610,0,0,OTHER
Mnemiopsis_leidyi_1614,0,0,OTHER
Mnemiopsis_leidyi_1615,0,0,OTHER
Mnemiopsis_leidyi_1617,0,0,OTHER
Mnemiopsis_leidyi_1627,0,0,OTHER
Mnemiopsis_leidyi_1633,0,0,OTHER
Mnemiopsis_leidyi_1634,0,0,OTHER
Mnemiopsis_leidyi_1638,0,0,OTHER
Mnemiopsis_leidyi_1639,0,0,OTHER
Mnemiopsis_leidyi_1650,0,0,OTHER
Mnemiopsis_leidyi_1653,0,0,OTHER
Mnemiopsis_leidyi_1657,0,0,OTHER
Mnemiopsis_leidyi_1663,0,0,OTHER
Mnemiopsis_leidyi_1667,0,0,OTHER
Mnemiopsis_leidyi_1681,0,0,OTHER
Mnemiopsis_leidyi_1685,0,0,OTHER
Mnemiopsis_leidyi_1697,0,0,OTHER
Mnemiopsis_leidyi_1698,0,0,OTHER
Mnemiopsis_leidyi_1708,0,0,OTHER
Mnemiopsis_leidyi_1709,0,0,OTHER
Mnemiopsis_leidyi_1715,0,0,OTHER
Mnemiopsis_leidyi_1718,0,0,OTHER
Mnemiopsis_leidyi_1720,0,0,OTHER
Mnemiopsis_leidyi_1722,0,0,OTHER
Mnemiopsis_leidyi_1726,0,0,OTHER
Mnemiopsis_leidyi_1730,0,0,OTHER
Mnemiopsis_leidyi_1734,0,0,OTHER
Mnemiopsis_leidyi_1748,0,0,OTHER
Mnemiopsis_leidyi_1752,0,0,OTHER
Mnemiopsis_leidyi_1759,0,0,OTHER
Mnemiopsis_leidyi_1762,0,0,OTHER
Mnemiopsis_leidyi_1764,0,0,OTHER
Mnemiopsis_leidyi_1766,0,0,OTHER
Mnemiopsis_leidyi_1769,0,0,OTHER
Mnemiopsis_leidyi_1770,0,0,OTHER
Mnemiopsis_leidyi_1771,0,0,OTHER
Mnemiopsis_leidyi_1781,0,0,OTHER
Mnemiopsis_leidyi_1791,0,0,OTHER
Mnemiopsis_leidyi_1798,0,0,OTHER
Mnemiopsis_leidyi_1801,0,0,OTHER
Mnemiopsis_leidyi_1807,0,0,OTHER
Mnemiopsis_leidyi_1808,0,0,OTHER
Mnemiopsis_leidyi_1809,0,0,OTHER
Mnemiopsis_leidyi_1810,0,0,OTHER
Mnemiopsis_leidyi_1820,0,0,OTHER
Mnemiopsis_leidyi_1825,0,0,OTHER
Mnemiopsis_leidyi_1829,0,0,OTHER
Mnemiopsis_leidyi_1833,0,0,OTHER
Mnemiopsis_leidyi_1836,0,0,OTHER
Mnemiopsis_leidyi_1837,0,0,OTHER
Mnemiopsis_leidyi_1859,0,0,OTHER
Mnemiopsis_leidyi_1861,0,0,OTHER
Mnemiopsis_leidyi_1862,0,0,OTHER
Mnemiopsis_leidyi_1872,0,0,OTHER
Mnemiopsis_leidyi_1874,0,0,OTHER
Mnemiopsis_leidyi_1875,0,0,OTHER
Mnemiopsis_leidyi_1882,0,0,OTHER
Mnemiopsis_leidyi_1890,0,0,OTHER
Mnemiopsis_leidyi_1897,0,0,OTHER
Mnemiopsis_leidyi_1900,0,0,OTHER
Mnemiopsis_leidyi_1906,0,0,OTHER
Mnemiopsis_leidyi_1911,0,0,OTHER
Mnemiopsis_leidyi_1915,0,0,OTHER
Mnemiopsis_leidyi_1930,0,0,OTHER
Mnemiopsis_leidyi_1935,0,0,OTHER
Mnemiopsis_leidyi_1937,0,0,OTHER
Mnemiopsis_leidyi_1942,0,0,OTHER
Mnemiopsis_leidyi_1945,0,0,OTHER
Mnemiopsis_leidyi_1948,0,0,OTHER
Mnemiopsis_leidyi_1973,0,0,OTHER
Mnemiopsis_leidyi_1975,0,0,OTHER
Mnemiopsis_leidyi_1989,0,0,OTHER
Mnemiopsis_leidyi_1992,0,0,OTHER
Mnemiopsis_leidyi_1993,0,0,OTHER
Mnemiopsis_leidyi_1997,0,0,OTHER
Mnemiopsis_leidyi_1998,0,0,OTHER
Mnemiopsis_leidyi_2000,0,0,OTHER
Mnemiopsis_leidyi_2007,0,0,OTHER
Mnemiopsis_leidyi_2015,0,0,OTHER
Mnemiopsis_leidyi_2023,0,0,OTHER
Mnemiopsis_leidyi_2029,0,0,OTHER
Mnemiopsis_leidyi_2035,0,0,OTHER
Mnemiopsis_leidyi_2041,0,0,OTHER
Mnemiopsis_leidyi_2045,0,0,OTHER
Mnemiopsis_leidyi_2052,0,0,OTHER
Mnemiopsis_leidyi_2055,0,0,OTHER
Mnemiopsis_leidyi_2058,0,0,OTHER
Mnemiopsis_leidyi_2062,0,0,OTHER
Mnemiopsis_leidyi_2063,0,0,OTHER
Mnemiopsis_leidyi_2066,0,0,OTHER
Mnemiopsis_leidyi_2075,0,0,OTHER
Mnemiopsis_leidyi_2077,0,0,OTHER
Mnemiopsis_leidyi_2081,0,0,OTHER
Mnemiopsis_leidyi_2089,0,0,OTHER
Mnemiopsis_leidyi_2111,0,0,OTHER
Mnemiopsis_leidyi_2112,0,0,OTHER
Mnemiopsis_leidyi_2114,0,0,OTHER
Mnemiopsis_leidyi_2115,0,0,OTHER
Mnemiopsis_leidyi_2127,0,0,OTHER
Mnemiopsis_leidyi_2138,0,0,OTHER
Mnemiopsis_leidyi_2143,0,0,OTHER
Mnemiopsis_leidyi_2148,0,0,OTHER
Mnemiopsis_leidyi_2153,0,0,OTHER
Mnemiopsis_leidyi_2157,0,0,OTHER
Mnemiopsis_leidyi_2158,0,0,OTHER
Mnemiopsis_leidyi_2165,0,0,OTHER
Mnemiopsis_leidyi_2167,0,0,OTHER
Mnemiopsis_leidyi_2170,0,0,OTHER
Mnemiopsis_leidyi_2171,0,0,OTHER
Mnemiopsis_leidyi_2173,0,0,OTHER
Mnemiopsis_leidyi_2174,0,0,OTHER
Mnemiopsis_leidyi_2175,0,0,OTHER
Mnemiopsis_leidyi_2176,0,0,OTHER
Mnemiopsis_leidyi_2177,0,0,OTHER
Mnemiopsis_leidyi_2181,0,0,OTHER
Mnemiopsis_leidyi_2195,0,0,OTHER
Mnemiopsis_leidyi_2201,0,0,OTHER
Mnemiopsis_leidyi_2205,0,0,OTHER
Mnemiopsis_leidyi_2211,0,0,OTHER
Mnemiopsis_leidyi_2219,0,0,OTHER
Mnemiopsis_leidyi_2220,0,0,OTHER
Mnemiopsis_leidyi_2226,0,0,OTHER
Mnemiopsis_leidyi_2227,0,0,OTHER
Mnemiopsis_leidyi_2230,0,0,OTHER
Mnemiopsis_leidyi_2233,0,0,OTHER
Mnemiopsis_leidyi_2238,0,0,OTHER
Mnemiopsis_leidyi_2241,0,0,OTHER
Mnemiopsis_leidyi_2257,0,0,OTHER
Mnemiopsis_leidyi_2259,0,0,OTHER
Mnemiopsis_leidyi_2264,0,0,OTHER
Mnemiopsis_leidyi_2268,0,0,OTHER
Mnemiopsis_leidyi_2275,0,0,OTHER
Mnemiopsis_leidyi_2294,0,0,OTHER
Mnemiopsis_leidyi_2295,0,0,OTHER
Mnemiopsis_leidyi_2297,0,0,OTHER
Mnemiopsis_leidyi_2298,0,0,OTHER
Mnemiopsis_leidyi_2301,0,0,OTHER
Mnemiopsis_leidyi_2306,0,0,OTHER
Mnemiopsis_leidyi_2307,0,0,OTHER
Mnemiopsis_leidyi_2308,0,0,OTHER
Mnemiopsis_leidyi_2309,0,0,OTHER
Mnemiopsis_leidyi_2310,0,0,OTHER
Mnemiopsis_leidyi_2311,0,0,OTHER
Mnemiopsis_leidyi_2312,0,0,OTHER
Mnemiopsis_leidyi_2316,0,0,OTHER
Mnemiopsis_leidyi_2327,0,0,OTHER
Mnemiopsis_leidyi_2334,0,0,OTHER
Mnemiopsis_leidyi_2335,0,0,OTHER
Mnemiopsis_leidyi_2338,0,0,OTHER
Mnemiopsis_leidyi_2339,0,0,OTHER
Mnemiopsis_leidyi_2348,0,0,OTHER
Mnemiopsis_leidyi_2358,0,0,OTHER
Mnemiopsis_leidyi_2360,0,0,OTHER
Mnemiopsis_leidyi_2362,0,0,OTHER
Mnemiopsis_leidyi_2363,0,0,OTHER
Mnemiopsis_leidyi_2364,0,0,OTHER
Mnemiopsis_leidyi_2367,0,0,OTHER
Mnemiopsis_leidyi_2373,0,0,OTHER
Mnemiopsis_leidyi_2393,0,0,OTHER
Mnemiopsis_leidyi_2394,0,0,OTHER
Mnemiopsis_leidyi_2407,0,0,OTHER
Mnemiopsis_leidyi_2414,0,0,OTHER
Mnemiopsis_leidyi_2423,0,0,OTHER
Mnemiopsis_leidyi_2424,0,0,OTHER
Mnemiopsis_leidyi_2427,0,0,OTHER
Mnemiopsis_leidyi_2428,0,0,OTHER
Mnemiopsis_leidyi_2431,0,0,OTHER
Mnemiopsis_leidyi_2447,0,0,OTHER
Mnemiopsis_leidyi_2452,0,0,OTHER
Mnemiopsis_leidyi_2464,0,0,OTHER
Mnemiopsis_leidyi_2465,0,0,OTHER
Mnemiopsis_leidyi_2469,0,0,OTHER
Mnemiopsis_leidyi_2470,0,0,OTHER
Mnemiopsis_leidyi_2472,0,0,OTHER
Mnemiopsis_leidyi_2473,0,0,OTHER
Mnemiopsis_leidyi_2478,0,0,OTHER
Mnemiopsis_leidyi_2485,0,0,OTHER
Mnemiopsis_leidyi_2490,0,0,OTHER
Mnemiopsis_leidyi_2500,0,0,OTHER
Mnemiopsis_leidyi_2502,0,0,OTHER
Mnemiopsis_leidyi_2503,0,0,OTHER
Mnemiopsis_leidyi_2508,0,0,OTHER
Mnemiopsis_leidyi_2526,0,0,OTHER
Mnemiopsis_leidyi_2530,0,0,OTHER
Mnemiopsis_leidyi_2531,0,0,OTHER
Mnemiopsis_leidyi_2533,0,0,OTHER
Mnemiopsis_leidyi_2541,0,0,OTHER
Mnemiopsis_leidyi_2546,0,0,OTHER
Mnemiopsis_leidyi_2547,0,0,OTHER
Mnemiopsis_leidyi_2550,0,0,OTHER
Mnemiopsis_leidyi_2555,0,0,OTHER
Mnemiopsis_leidyi_2556,0,0,OTHER
Mnemiopsis_leidyi_2568,0,0,OTHER
Mnemiopsis_leidyi_2572,0,0,OTHER
Mnemiopsis_leidyi_2578,0,0,OTHER
Mnemiopsis_leidyi_2581,0,0,OTHER
Mnemiopsis_leidyi_2585,0,0,OTHER
Mnemiopsis_leidyi_2593,0,0,OTHER
Mnemiopsis_leidyi_2594,0,0,OTHER
Mnemiopsis_leidyi_2597,0,0,OTHER
Mnemiopsis_leidyi_2602,0,0,OTHER
Mnemiopsis_leidyi_2603,0,0,OTHER
Mnemiopsis_leidyi_2610,0,0,OTHER
Mnemiopsis_leidyi_2611,0,0,OTHER
Mnemiopsis_leidyi_2622,0,0,OTHER
Mnemiopsis_leidyi_2624,0,0,OTHER
Mnemiopsis_leidyi_2625,0,0,OTHER
Mnemiopsis_leidyi_2629,0,0,OTHER
Mnemiopsis_leidyi_2630,0,0,OTHER
Mnemiopsis_leidyi_2634,0,0,OTHER
Mnemiopsis_leidyi_2639,0,0,OTHER
Mnemiopsis_leidyi_2645,0,0,OTHER
Mnemiopsis_leidyi_2650,0,0,OTHER
Mnemiopsis_leidyi_2651,0,0,OTHER
Mnemiopsis_leidyi_2654,0,0,OTHER
Mnemiopsis_leidyi_2661,0,0,OTHER
Mnemiopsis_leidyi_2668,0,0,OTHER
Mnemiopsis_leidyi_2669,0,0,OTHER
Mnemiopsis_leidyi_2679,0,0,OTHER
Mnemiopsis_leidyi_2685,0,0,OTHER
Mnemiopsis_leidyi_2686,0,0,OTHER
Mnemiopsis_leidyi_2692,0,0,OTHER
Mnemiopsis_leidyi_2700,0,0,OTHER
Mnemiopsis_leidyi_2702,0,0,OTHER
Mnemiopsis_leidyi_2703,0,0,OTHER
Mnemiopsis_leidyi_2708,0,0,OTHER
Mnemiopsis_leidyi_2710,0,0,OTHER
Mnemiopsis_leidyi_2711,0,0,OTHER
Mnemiopsis_leidyi_2718,0,0,OTHER
Mnemiopsis_leidyi_2722,0,0,OTHER
Mnemiopsis_leidyi_2723,0,0,OTHER
Mnemiopsis_leidyi_2724,0,0,OTHER
Mnemiopsis_leidyi_2728,0,0,OTHER
Mnemiopsis_leidyi_2730,0,0,OTHER
Mnemiopsis_leidyi_2732,0,0,OTHER
Mnemiopsis_leidyi_2736,0,0,OTHER
Mnemiopsis_leidyi_2740,0,0,OTHER
Mnemiopsis_leidyi_2746,0,0,OTHER
Mnemiopsis_leidyi_2748,0,0,OTHER
Mnemiopsis_leidyi_2750,0,0,OTHER
Mnemiopsis_leidyi_2757,0,0,OTHER
Mnemiopsis_leidyi_2760,0,0,OTHER
Mnemiopsis_leidyi_2761,0,0,OTHER
Mnemiopsis_leidyi_2762,0,0,OTHER
Mnemiopsis_leidyi_2767,0,0,OTHER
Mnemiopsis_leidyi_2781,0,0,OTHER
Mnemiopsis_leidyi_2782,0,0,OTHER
Mnemiopsis_leidyi_2789,0,0,OTHER
Mnemiopsis_leidyi_2792,0,0,OTHER
Mnemiopsis_leidyi_2793,0,0,OTHER
Mnemiopsis_leidyi_2794,0,0,OTHER
Mnemiopsis_leidyi_2797,0,0,OTHER
Mnemiopsis_leidyi_2798,0,0,OTHER
Mnemiopsis_leidyi_2799,0,0,OTHER
Mnemiopsis_leidyi_2800,0,0,OTHER
Mnemiopsis_leidyi_2810,0,0,OTHER
Mnemiopsis_leidyi_2828,0,0,OTHER
Mnemiopsis_leidyi_2835,0,0,OTHER
Mnemiopsis_leidyi_2858,0,0,OTHER
Mnemiopsis_leidyi_2866,0,0,OTHER
Mnemiopsis_leidyi_2882,0,0,OTHER
Mnemiopsis_leidyi_2896,0,0,OTHER
Mnemiopsis_leidyi_2905,0,0,OTHER
Mnemiopsis_leidyi_2912,0,0,OTHER
Mnemiopsis_leidyi_2918,0,0,OTHER
Mnemiopsis_leidyi_2920,0,0,OTHER
Mnemiopsis_leidyi_2921,0,0,OTHER
Mnemiopsis_leidyi_2932,0,0,OTHER
Mnemiopsis_leidyi_2958,0,0,OTHER
Mnemiopsis_leidyi_2961,0,0,OTHER
Mnemiopsis_leidyi_2962,0,0,OTHER
Mnemiopsis_leidyi_2971,0,0,OTHER
Mnemiopsis_leidyi_2973,0,0,OTHER
Mnemiopsis_leidyi_2985,0,0,OTHER
Mnemiopsis_leidyi_2994,0,0,OTHER
Mnemiopsis_leidyi_2996,0,0,OTHER
Mnemiopsis_leidyi_2997,0,0,OTHER
Mnemiopsis_leidyi_2999,0,0,OTHER
Mnemiopsis_leidyi_3003,0,0,OTHER
Mnemiopsis_leidyi_3016,0,0,OTHER
Mnemiopsis_leidyi_3019,0,0,OTHER
Mnemiopsis_leidyi_3024,0,0,OTHER
Mnemiopsis_leidyi_3037,0,0,OTHER
Mnemiopsis_leidyi_3038,0,0,OTHER
Mnemiopsis_leidyi_3043,0,0,OTHER
Mnemiopsis_leidyi_3047,0,0,OTHER
Mnemiopsis_leidyi_3052,0,0,OTHER
Mnemiopsis_leidyi_3065,0,0,OTHER
Mnemiopsis_leidyi_3070,0,0,OTHER
Mnemiopsis_leidyi_3071,0,0,OTHER
Mnemiopsis_leidyi_3075,0,0,OTHER
Mnemiopsis_leidyi_3076,0,0,OTHER
Mnemiopsis_leidyi_3087,0,0,OTHER
Mnemiopsis_leidyi_3089,0,0,OTHER
Mnemiopsis_leidyi_3090,0,0,OTHER
Mnemiopsis_leidyi_3093,0,0,OTHER
Mnemiopsis_leidyi_3094,0,0,OTHER
Mnemiopsis_leidyi_3097,0,0,OTHER
Mnemiopsis_leidyi_3107,0,0,OTHER
Mnemiopsis_leidyi_3108,0,0,OTHER
Mnemiopsis_leidyi_3118,0,0,OTHER
Mnemiopsis_leidyi_3120,0,0,OTHER
Mnemiopsis_leidyi_3129,0,0,OTHER
Mnemiopsis_leidyi_3143,0,0,OTHER
Mnemiopsis_leidyi_3145,0,0,OTHER
Mnemiopsis_leidyi_3151,0,0,OTHER
Mnemiopsis_leidyi_3155,0,0,OTHER
Mnemiopsis_leidyi_3159,0,0,OTHER
Mnemiopsis_leidyi_3163,0,0,OTHER
Mnemiopsis_leidyi_3167,0,0,OTHER
Mnemiopsis_leidyi_3176,0,0,OTHER
Mnemiopsis_leidyi_3177,0,0,OTHER
Mnemiopsis_leidyi_3183,0,0,OTHER
Mnemiopsis_leidyi_3186,0,0,OTHER
Mnemiopsis_leidyi_3189,0,0,OTHER
Mnemiopsis_leidyi_3197,0,0,OTHER
Mnemiopsis_leidyi_3206,0,0,OTHER
Mnemiopsis_leidyi_3209,0,0,OTHER
Mnemiopsis_leidyi_3210,0,0,OTHER
Mnemiopsis_leidyi_3221,0,0,OTHER
Mnemiopsis_leidyi_3224,0,0,OTHER
Mnemiopsis_leidyi_3226,0,0,OTHER
Mnemiopsis_leidyi_3229,0,0,OTHER
Mnemiopsis_leidyi_3234,0,0,OTHER
Mnemiopsis_leidyi_3252,0,0,OTHER
Mnemiopsis_leidyi_3253,0,0,OTHER
Mnemiopsis_leidyi_3254,0,0,OTHER
Mnemiopsis_leidyi_3255,0,0,OTHER
Mnemiopsis_leidyi_3258,0,0,OTHER
Mnemiopsis_leidyi_3273,0,0,OTHER
Mnemiopsis_leidyi_3274,0,0,OTHER
Mnemiopsis_leidyi_3275,0,0,OTHER
Mnemiopsis_leidyi_3281,0,0,OTHER
Mnemiopsis_leidyi_3289,0,0,OTHER
Mnemiopsis_leidyi_3292,0,0,OTHER
Mnemiopsis_leidyi_3293,0,0,OTHER
Mnemiopsis_leidyi_3295,0,0,OTHER
Mnemiopsis_leidyi_3296,0,0,OTHER
Mnemiopsis_leidyi_3298,0,0,OTHER
Mnemiopsis_leidyi_3301,0,0,OTHER
Mnemiopsis_leidyi_3303,0,0,OTHER
Mnemiopsis_leidyi_3307,0,0,OTHER
Mnemiopsis_leidyi_3311,0,0,OTHER
Mnemiopsis_leidyi_3312,0,0,OTHER
Mnemiopsis_leidyi_3318,0,0,OTHER
Mnemiopsis_leidyi_3319,0,0,OTHER
Mnemiopsis_leidyi_3320,0,0,OTHER
Mnemiopsis_leidyi_3329,0,0,OTHER
Mnemiopsis_leidyi_3330,0,0,OTHER
Mnemiopsis_leidyi_3334,0,0,OTHER
Mnemiopsis_leidyi_3339,0,0,OTHER
Mnemiopsis_leidyi_3341,0,0,OTHER
Mnemiopsis_leidyi_3353,0,0,OTHER
Mnemiopsis_leidyi_3354,0,0,OTHER
Mnemiopsis_leidyi_3361,0,0,OTHER
Mnemiopsis_leidyi_3370,0,0,OTHER
Mnemiopsis_leidyi_3383,0,0,OTHER
Mnemiopsis_leidyi_3386,0,0,OTHER
Mnemiopsis_leidyi_3394,0,0,OTHER
Mnemiopsis_leidyi_3396,0,0,OTHER
Mnemiopsis_leidyi_3398,0,0,OTHER
Mnemiopsis_leidyi_3401,0,0,OTHER
Mnemiopsis_leidyi_3402,0,0,OTHER
Mnemiopsis_leidyi_3404,0,0,OTHER
Mnemiopsis_leidyi_3416,0,0,OTHER
Mnemiopsis_leidyi_3417,0,0,OTHER
Mnemiopsis_leidyi_3424,0,0,OTHER
Mnemiopsis_leidyi_3426,0,0,OTHER
Mnemiopsis_leidyi_3427,0,0,OTHER
Mnemiopsis_leidyi_3431,0,0,OTHER
Mnemiopsis_leidyi_3433,0,0,OTHER
Mnemiopsis_leidyi_3438,0,0,OTHER
Mnemiopsis_leidyi_3439,0,0,OTHER
Mnemiopsis_leidyi_3441,0,0,OTHER
Mnemiopsis_leidyi_3442,0,0,OTHER
Mnemiopsis_leidyi_3443,0,0,OTHER
Mnemiopsis_leidyi_3468,0,0,OTHER
Mnemiopsis_leidyi_3473,0,0,OTHER
Mnemiopsis_leidyi_3474,0,0,OTHER
Mnemiopsis_leidyi_3477,0,0,OTHER
Mnemiopsis_leidyi_3478,0,0,OTHER
Mnemiopsis_leidyi_3481,0,0,OTHER
Mnemiopsis_leidyi_3484,0,0,OTHER
Mnemiopsis_leidyi_3489,0,0,OTHER
Mnemiopsis_leidyi_3498,0,0,OTHER
Mnemiopsis_leidyi_3509,0,0,OTHER
Mnemiopsis_leidyi_3516,0,0,OTHER
Mnemiopsis_leidyi_3517,0,0,OTHER
Mnemiopsis_leidyi_3523,0,0,OTHER
Mnemiopsis_leidyi_3524,0,0,OTHER
Mnemiopsis_leidyi_3525,0,0,OTHER
Mnemiopsis_leidyi_3531,0,0,OTHER
Mnemiopsis_leidyi_3545,0,0,OTHER
Mnemiopsis_leidyi_3552,0,0,OTHER
Mnemiopsis_leidyi_3554,0,0,OTHER
Mnemiopsis_leidyi_3557,0,0,OTHER
Mnemiopsis_leidyi_3564,0,0,OTHER
Mnemiopsis_leidyi_3567,0,0,OTHER
Mnemiopsis_leidyi_3568,0,0,OTHER
Mnemiopsis_leidyi_3571,0,0,OTHER
Mnemiopsis_leidyi_3573,0,0,OTHER
Mnemiopsis_leidyi_3574,0,0,OTHER
Mnemiopsis_leidyi_3578,0,0,OTHER
Mnemiopsis_leidyi_3582,0,0,OTHER
Mnemiopsis_leidyi_3595,0,0,OTHER
Mnemiopsis_leidyi_3597,0,0,OTHER
Mnemiopsis_leidyi_3598,0,0,OTHER
Mnemiopsis_leidyi_3599,0,0,OTHER
Mnemiopsis_leidyi_3604,0,0,OTHER
Mnemiopsis_leidyi_3605,0,0,OTHER
Mnemiopsis_leidyi_3608,0,0,OTHER
Mnemiopsis_leidyi_3609,0,0,OTHER
Mnemiopsis_leidyi_3615,0,0,OTHER
Mnemiopsis_leidyi_3621,0,0,OTHER
Mnemiopsis_leidyi_3627,0,0,OTHER
Mnemiopsis_leidyi_3631,0,0,OTHER
Mnemiopsis_leidyi_3638,0,0,OTHER
Mnemiopsis_leidyi_3639,0,0,OTHER
Mnemiopsis_leidyi_3640,0,0,OTHER
Mnemiopsis_leidyi_3644,0,0,OTHER
Mnemiopsis_leidyi_3645,0,0,OTHER
Mnemiopsis_leidyi_3648,0,0,OTHER
Mnemiopsis_leidyi_3654,0,0,OTHER
Mnemiopsis_leidyi_3655,0,0,OTHER
Mnemiopsis_leidyi_3656,0,0,OTHER
Mnemiopsis_leidyi_3664,0,0,OTHER
Mnemiopsis_leidyi_3665,0,0,OTHER
Mnemiopsis_leidyi_3667,0,0,OTHER
Mnemiopsis_leidyi_3668,0,0,OTHER
Mnemiopsis_leidyi_3675,0,0,OTHER
Mnemiopsis_leidyi_3677,0,0,OTHER
Mnemiopsis_leidyi_3681,0,0,OTHER
Mnemiopsis_leidyi_3685,0,0,OTHER
Mnemiopsis_leidyi_3688,0,0,OTHER
Mnemiopsis_leidyi_3696,0,0,OTHER
Mnemiopsis_leidyi_3708,0,0,OTHER
Mnemiopsis_leidyi_3712,0,0,OTHER
Mnemiopsis_leidyi_3736,0,0,OTHER
Mnemiopsis_leidyi_3739,0,0,OTHER
Mnemiopsis_leidyi_3744,0,0,OTHER
Mnemiopsis_leidyi_3745,0,0,OTHER
Mnemiopsis_leidyi_3751,0,0,OTHER
Mnemiopsis_leidyi_3752,0,0,OTHER
Mnemiopsis_leidyi_3759,0,0,OTHER
Mnemiopsis_leidyi_3763,0,0,OTHER
Mnemiopsis_leidyi_3775,0,0,OTHER
Mnemiopsis_leidyi_3797,0,0,OTHER
Mnemiopsis_leidyi_3802,0,0,OTHER
Mnemiopsis_leidyi_3810,0,0,OTHER
Mnemiopsis_leidyi_3815,0,0,OTHER
Mnemiopsis_leidyi_3824,0,0,OTHER
Mnemiopsis_leidyi_3830,0,0,OTHER
Mnemiopsis_leidyi_3837,0,0,OTHER
Mnemiopsis_leidyi_3846,0,0,OTHER
Mnemiopsis_leidyi_3850,0,0,OTHER
Mnemiopsis_leidyi_3851,0,0,OTHER
Mnemiopsis_leidyi_3852,0,0,OTHER
Mnemiopsis_leidyi_3857,0,0,OTHER
Mnemiopsis_leidyi_3869,0,0,OTHER
Mnemiopsis_leidyi_3871,0,0,OTHER
Mnemiopsis_leidyi_3874,0,0,OTHER
Mnemiopsis_leidyi_3875,0,0,OTHER
Mnemiopsis_leidyi_3881,0,0,OTHER
Mnemiopsis_leidyi_3886,0,0,OTHER
Mnemiopsis_leidyi_3910,0,0,OTHER
Mnemiopsis_leidyi_3914,0,0,OTHER
Mnemiopsis_leidyi_3916,0,0,OTHER
Mnemiopsis_leidyi_3919,0,0,OTHER
Mnemiopsis_leidyi_3920,0,0,OTHER
Mnemiopsis_leidyi_3922,0,0,OTHER
Mnemiopsis_leidyi_3923,0,0,OTHER
Mnemiopsis_leidyi_3926,0,0,OTHER
Mnemiopsis_leidyi_3930,0,0,OTHER
Mnemiopsis_leidyi_3934,0,0,OTHER
Mnemiopsis_leidyi_3939,0,0,OTHER
Mnemiopsis_leidyi_3943,0,0,OTHER
Mnemiopsis_leidyi_3948,0,0,OTHER
Mnemiopsis_leidyi_3953,0,0,OTHER
Mnemiopsis_leidyi_3957,0,0,OTHER
Mnemiopsis_leidyi_3959,0,0,OTHER
Mnemiopsis_leidyi_3970,0,0,OTHER
Mnemiopsis_leidyi_3971,0,0,OTHER
Mnemiopsis_leidyi_3972,0,0,OTHER
Mnemiopsis_leidyi_3976,0,0,OTHER
Mnemiopsis_leidyi_3979,0,0,OTHER
Mnemiopsis_leidyi_3993,0,0,OTHER
Mnemiopsis_leidyi_4002,0,0,OTHER
Mnemiopsis_leidyi_4003,0,0,OTHER
Mnemiopsis_leidyi_4023,0,0,OTHER
Mnemiopsis_leidyi_4024,0,0,OTHER
Mnemiopsis_leidyi_4030,0,0,OTHER
Mnemiopsis_leidyi_4032,0,0,OTHER
Mnemiopsis_leidyi_4035,0,0,OTHER
Mnemiopsis_leidyi_4041,0,0,OTHER
Mnemiopsis_leidyi_4045,0,0,OTHER
Mnemiopsis_leidyi_4046,0,0,OTHER
Mnemiopsis_leidyi_4054,0,0,OTHER
Mnemiopsis_leidyi_4055,0,0,OTHER
Mnemiopsis_leidyi_4059,0,0,OTHER
Mnemiopsis_leidyi_4062,0,0,OTHER
Mnemiopsis_leidyi_4076,0,0,OTHER
Mnemiopsis_leidyi_4086,0,0,OTHER
Mnemiopsis_leidyi_4089,0,0,OTHER
Mnemiopsis_leidyi_4094,0,0,OTHER
Mnemiopsis_leidyi_4095,0,0,OTHER
Mnemiopsis_leidyi_4104,0,0,OTHER
Mnemiopsis_leidyi_4105,0,0,OTHER
Mnemiopsis_leidyi_4109,0,0,OTHER
Mnemiopsis_leidyi_4112,0,0,OTHER
Mnemiopsis_leidyi_4113,0,0,OTHER
Mnemiopsis_leidyi_4126,0,0,OTHER
Mnemiopsis_leidyi_4136,0,0,OTHER
Mnemiopsis_leidyi_4137,0,0,OTHER
Mnemiopsis_leidyi_4141,0,0,OTHER
Mnemiopsis_leidyi_4144,0,0,OTHER
Mnemiopsis_leidyi_4146,0,0,OTHER
Mnemiopsis_leidyi_4160,0,0,OTHER
Mnemiopsis_leidyi_4167,0,0,OTHER
Mnemiopsis_leidyi_4168,0,0,OTHER
Mnemiopsis_leidyi_4170,0,0,OTHER
Mnemiopsis_leidyi_4173,0,0,OTHER
Mnemiopsis_leidyi_4178,0,0,OTHER
Mnemiopsis_leidyi_4190,0,0,OTHER
Mnemiopsis_leidyi_4193,0,0,OTHER
Mnemiopsis_leidyi_4199,0,0,OTHER
Mnemiopsis_leidyi_4201,0,0,OTHER
Mnemiopsis_leidyi_4205,0,0,OTHER
Mnemiopsis_leidyi_4213,0,0,OTHER
Mnemiopsis_leidyi_4215,0,0,OTHER
Mnemiopsis_leidyi_4221,0,0,OTHER
Mnemiopsis_leidyi_4222,0,0,OTHER
Mnemiopsis_leidyi_4223,0,0,OTHER
Mnemiopsis_leidyi_4225,0,0,OTHER
Mnemiopsis_leidyi_4231,0,0,OTHER
Mnemiopsis_leidyi_4236,0,0,OTHER
Mnemiopsis_leidyi_4245,0,0,OTHER
Mnemiopsis_leidyi_4247,0,0,OTHER
Mnemiopsis_leidyi_4248,0,0,OTHER
Mnemiopsis_leidyi_4254,0,0,OTHER
Mnemiopsis_leidyi_4255,0,0,OTHER
Mnemiopsis_leidyi_4257,0,0,OTHER
Mnemiopsis_leidyi_4258,0,0,OTHER
Mnemiopsis_leidyi_4259,0,0,OTHER
Mnemiopsis_leidyi_4263,0,0,OTHER
Mnemiopsis_leidyi_4268,0,0,OTHER
Mnemiopsis_leidyi_4269,0,0,OTHER
Mnemiopsis_leidyi_4277,0,0,OTHER
Mnemiopsis_leidyi_4287,0,0,OTHER
Mnemiopsis_leidyi_4291,0,0,OTHER
Mnemiopsis_leidyi_4292,0,0,OTHER
Mnemiopsis_leidyi_4294,0,0,OTHER
Mnemiopsis_leidyi_4296,0,0,OTHER
Mnemiopsis_leidyi_4297,0,0,OTHER
Mnemiopsis_leidyi_4298,0,0,OTHER
Mnemiopsis_leidyi_4300,0,0,OTHER
Mnemiopsis_leidyi_4303,0,0,OTHER
Mnemiopsis_leidyi_4304,0,0,OTHER
Mnemiopsis_leidyi_4305,0,0,OTHER
Mnemiopsis_leidyi_4313,0,0,OTHER
Mnemiopsis_leidyi_4314,0,0,OTHER
Mnemiopsis_leidyi_4323,0,0,OTHER
Mnemiopsis_leidyi_4324,0,0,OTHER
Mnemiopsis_leidyi_4326,0,0,OTHER
Mnemiopsis_leidyi_4327,0,0,OTHER
Mnemiopsis_leidyi_4328,0,0,OTHER
Mnemiopsis_leidyi_4330,0,0,OTHER
Mnemiopsis_leidyi_4336,0,0,OTHER
Mnemiopsis_leidyi_4338,0,0,OTHER
Mnemiopsis_leidyi_4339,0,0,OTHER
Mnemiopsis_leidyi_4342,0,0,OTHER
Mnemiopsis_leidyi_4343,0,0,OTHER
Mnemiopsis_leidyi_4344,0,0,OTHER
Mnemiopsis_leidyi_4345,0,0,OTHER
Mnemiopsis_leidyi_4346,0,0,OTHER
Mnemiopsis_leidyi_4350,0,0,OTHER
Mnemiopsis_leidyi_4354,0,0,OTHER
Mnemiopsis_leidyi_4356,0,0,OTHER
Mnemiopsis_leidyi_4369,0,0,OTHER
Mnemiopsis_leidyi_4373,0,0,OTHER
Mnemiopsis_leidyi_4374,0,0,OTHER
Mnemiopsis_leidyi_4376,0,0,OTHER
Mnemiopsis_leidyi_4378,0,0,OTHER
Mnemiopsis_leidyi_4380,0,0,OTHER
Mnemiopsis_leidyi_4392,0,0,OTHER
Mnemiopsis_leidyi_4402,0,0,OTHER
Mnemiopsis_leidyi_4403,0,0,OTHER
Mnemiopsis_leidyi_4405,0,0,OTHER
Mnemiopsis_leidyi_4413,0,0,OTHER
Mnemiopsis_leidyi_4419,0,0,OTHER
Mnemiopsis_leidyi_4428,0,0,OTHER
Mnemiopsis_leidyi_4429,0,0,OTHER
Mnemiopsis_leidyi_4432,0,0,OTHER
Mnemiopsis_leidyi_4439,0,0,OTHER
Mnemiopsis_leidyi_4441,0,0,OTHER
Mnemiopsis_leidyi_4450,0,0,OTHER
Mnemiopsis_leidyi_4451,0,0,OTHER
Mnemiopsis_leidyi_4473,0,0,OTHER
Mnemiopsis_leidyi_4485,0,0,OTHER
Mnemiopsis_leidyi_4486,0,0,OTHER
Mnemiopsis_leidyi_4488,0,0,OTHER
Mnemiopsis_leidyi_4490,0,0,OTHER
Mnemiopsis_leidyi_4494,0,0,OTHER
Mnemiopsis_leidyi_4496,0,0,OTHER
Mnemiopsis_leidyi_4497,0,0,OTHER
Mnemiopsis_leidyi_4507,0,0,OTHER
Mnemiopsis_leidyi_4509,0,0,OTHER
Mnemiopsis_leidyi_4512,0,0,OTHER
Mnemiopsis_leidyi_4521,0,0,OTHER
Mnemiopsis_leidyi_4526,0,0,OTHER
Mnemiopsis_leidyi_4529,0,0,OTHER
Mnemiopsis_leidyi_4530,0,0,OTHER
Mnemiopsis_leidyi_4532,0,0,OTHER
Mnemiopsis_leidyi_4533,0,0,OTHER
Mnemiopsis_leidyi_4537,0,0,OTHER
Mnemiopsis_leidyi_4542,0,0,OTHER
Mnemiopsis_leidyi_4547,0,0,OTHER
Mnemiopsis_leidyi_4584,0,0,OTHER
Mnemiopsis_leidyi_4585,0,0,OTHER
Mnemiopsis_leidyi_4590,0,0,OTHER
Mnemiopsis_leidyi_4596,0,0,OTHER
Mnemiopsis_leidyi_4601,0,0,OTHER
Mnemiopsis_leidyi_4605,0,0,OTHER
Mnemiopsis_leidyi_4606,0,0,OTHER
Mnemiopsis_leidyi_4608,0,0,OTHER
Mnemiopsis_leidyi_4611,0,0,OTHER
Mnemiopsis_leidyi_4612,0,0,OTHER
Mnemiopsis_leidyi_4613,0,0,OTHER
Mnemiopsis_leidyi_4624,0,0,OTHER
Mnemiopsis_leidyi_4627,0,0,OTHER
Mnemiopsis_leidyi_4632,0,0,OTHER
Mnemiopsis_leidyi_4636,0,0,OTHER
Mnemiopsis_leidyi_4645,0,0,OTHER
Mnemiopsis_leidyi_4646,0,0,OTHER
Mnemiopsis_leidyi_4659,0,0,OTHER
Mnemiopsis_leidyi_4662,0,0,OTHER
Mnemiopsis_leidyi_4679,0,0,OTHER
Mnemiopsis_leidyi_4682,0,0,OTHER
Mnemiopsis_leidyi_4683,0,0,OTHER
Mnemiopsis_leidyi_4694,0,0,OTHER
Mnemiopsis_leidyi_4695,0,0,OTHER
Mnemiopsis_leidyi_4696,0,0,OTHER
Mnemiopsis_leidyi_4698,0,0,OTHER
Mnemiopsis_leidyi_4700,0,0,OTHER
Mnemiopsis_leidyi_4701,0,0,OTHER
Mnemiopsis_leidyi_4704,0,0,OTHER
Mnemiopsis_leidyi_4709,0,0,OTHER
Mnemiopsis_leidyi_4713,0,0,OTHER
Mnemiopsis_leidyi_4715,0,0,OTHER
Mnemiopsis_leidyi_4716,0,0,OTHER
Mnemiopsis_leidyi_4726,0,0,OTHER
Mnemiopsis_leidyi_4727,0,0,OTHER
Mnemiopsis_leidyi_4738,0,0,OTHER
Mnemiopsis_leidyi_4743,0,0,OTHER
Mnemiopsis_leidyi_4746,0,0,OTHER
Mnemiopsis_leidyi_4760,0,0,OTHER
Mnemiopsis_leidyi_4764,0,0,OTHER
Mnemiopsis_leidyi_4769,0,0,OTHER
Mnemiopsis_leidyi_4790,0,0,OTHER
Mnemiopsis_leidyi_4791,0,0,OTHER
Mnemiopsis_leidyi_4812,0,0,OTHER
Mnemiopsis_leidyi_4818,0,0,OTHER
Mnemiopsis_leidyi_4823,0,0,OTHER
Mnemiopsis_leidyi_4829,0,0,OTHER
Mnemiopsis_leidyi_4830,0,0,OTHER
Mnemiopsis_leidyi_4834,0,0,OTHER
Mnemiopsis_leidyi_4835,0,0,OTHER
Mnemiopsis_leidyi_4842,0,0,OTHER
Mnemiopsis_leidyi_4845,0,0,OTHER
Mnemiopsis_leidyi_4850,0,0,OTHER
Mnemiopsis_leidyi_4855,0,0,OTHER
Mnemiopsis_leidyi_4864,0,0,OTHER
Mnemiopsis_leidyi_4880,0,0,OTHER
Mnemiopsis_leidyi_4881,0,0,OTHER
Mnemiopsis_leidyi_4883,0,0,OTHER
Mnemiopsis_leidyi_4884,0,0,OTHER
Mnemiopsis_leidyi_4886,0,0,OTHER
Mnemiopsis_leidyi_4887,0,0,OTHER
Mnemiopsis_leidyi_4889,0,0,OTHER
Mnemiopsis_leidyi_4895,0,0,OTHER
Mnemiopsis_leidyi_4896,0,0,OTHER
Mnemiopsis_leidyi_4899,0,0,OTHER
Mnemiopsis_leidyi_4905,0,0,OTHER
Mnemiopsis_leidyi_4909,0,0,OTHER
Mnemiopsis_leidyi_4914,0,0,OTHER
Mnemiopsis_leidyi_4920,0,0,OTHER
Mnemiopsis_leidyi_4921,0,0,OTHER
Mnemiopsis_leidyi_4922,0,0,OTHER
Mnemiopsis_leidyi_4926,0,0,OTHER
Mnemiopsis_leidyi_4952,0,0,OTHER
Mnemiopsis_leidyi_4953,0,0,OTHER
Mnemiopsis_leidyi_4960,0,0,OTHER
Mnemiopsis_leidyi_4963,0,0,OTHER
Mnemiopsis_leidyi_4969,0,0,OTHER
Mnemiopsis_leidyi_4972,0,0,OTHER
Mnemiopsis_leidyi_4973,0,0,OTHER
Mnemiopsis_leidyi_4976,0,0,OTHER
Mnemiopsis_leidyi_4977,0,0,OTHER
Mnemiopsis_leidyi_4981,0,0,OTHER
Mnemiopsis_leidyi_4988,0,0,OTHER
Mnemiopsis_leidyi_4990,0,0,OTHER
Mnemiopsis_leidyi_4999,0,0,OTHER
Mnemiopsis_leidyi_5000,0,0,OTHER
Mnemiopsis_leidyi_5014,0,0,OTHER
Mnemiopsis_leidyi_5019,0,0,OTHER
Mnemiopsis_leidyi_5020,0,0,OTHER
Mnemiopsis_leidyi_5021,0,0,OTHER
Mnemiopsis_leidyi_5022,0,0,OTHER
Mnemiopsis_leidyi_5025,0,0,OTHER
Mnemiopsis_leidyi_5034,0,0,OTHER
Mnemiopsis_leidyi_5036,0,0,OTHER
Mnemiopsis_leidyi_5047,0,0,OTHER
Mnemiopsis_leidyi_5048,0,0,OTHER
Mnemiopsis_leidyi_5058,0,0,OTHER
Mnemiopsis_leidyi_5060,0,0,OTHER
Mnemiopsis_leidyi_5071,0,0,OTHER
Mnemiopsis_leidyi_5083,0,0,OTHER
Mnemiopsis_leidyi_5084,0,0,OTHER
Mnemiopsis_leidyi_5093,0,0,OTHER
Mnemiopsis_leidyi_5103,0,0,OTHER
Mnemiopsis_leidyi_5107,0,0,OTHER
Mnemiopsis_leidyi_5113,0,0,OTHER
Mnemiopsis_leidyi_5114,0,0,OTHER
Mnemiopsis_leidyi_5118,0,0,OTHER
Mnemiopsis_leidyi_5122,0,0,OTHER
Mnemiopsis_leidyi_5123,0,0,OTHER
Mnemiopsis_leidyi_5124,0,0,OTHER
Mnemiopsis_leidyi_5137,0,0,OTHER
Mnemiopsis_leidyi_5143,0,0,OTHER
Mnemiopsis_leidyi_5155,0,0,OTHER
Mnemiopsis_leidyi_5164,0,0,OTHER
Mnemiopsis_leidyi_5171,0,0,OTHER
Mnemiopsis_leidyi_5191,0,0,OTHER
Mnemiopsis_leidyi_5193,0,0,OTHER
Mnemiopsis_leidyi_5199,0,0,OTHER
Mnemiopsis_leidyi_5201,0,0,OTHER
Mnemiopsis_leidyi_5213,0,0,OTHER
Mnemiopsis_leidyi_5218,0,0,OTHER
Mnemiopsis_leidyi_5219,0,0,OTHER
Mnemiopsis_leidyi_5227,0,0,OTHER
Mnemiopsis_leidyi_5233,0,0,OTHER
Mnemiopsis_leidyi_5235,0,0,OTHER
Mnemiopsis_leidyi_5238,0,0,OTHER
Mnemiopsis_leidyi_5239,0,0,OTHER
Mnemiopsis_leidyi_5246,0,0,OTHER
Mnemiopsis_leidyi_5248,0,0,OTHER
Mnemiopsis_leidyi_5275,0,0,OTHER
Mnemiopsis_leidyi_5276,0,0,OTHER
Mnemiopsis_leidyi_5277,0,0,OTHER
Mnemiopsis_leidyi_5280,0,0,OTHER
Mnemiopsis_leidyi_5282,0,0,OTHER
Mnemiopsis_leidyi_5283,0,0,OTHER
Mnemiopsis_leidyi_5284,0,0,OTHER
Mnemiopsis_leidyi_5302,0,0,OTHER
Mnemiopsis_leidyi_5309,0,0,OTHER
Mnemiopsis_leidyi_5315,0,0,OTHER
Mnemiopsis_leidyi_5327,0,0,OTHER
Mnemiopsis_leidyi_5328,0,0,OTHER
Mnemiopsis_leidyi_5343,0,0,OTHER
Mnemiopsis_leidyi_5344,0,0,OTHER
Mnemiopsis_leidyi_5346,0,0,OTHER
Mnemiopsis_leidyi_5352,0,0,OTHER
Mnemiopsis_leidyi_5355,0,0,OTHER
Mnemiopsis_leidyi_5367,0,0,OTHER
Mnemiopsis_leidyi_5372,0,0,OTHER
Mnemiopsis_leidyi_5373,0,0,OTHER
Mnemiopsis_leidyi_5375,0,0,OTHER
Mnemiopsis_leidyi_5376,0,0,OTHER
Mnemiopsis_leidyi_5389,0,0,OTHER
Mnemiopsis_leidyi_5405,0,0,OTHER
Mnemiopsis_leidyi_5407,0,0,OTHER
Mnemiopsis_leidyi_5408,0,0,OTHER
Mnemiopsis_leidyi_5411,0,0,OTHER
Mnemiopsis_leidyi_5413,0,0,OTHER
Mnemiopsis_leidyi_5417,0,0,OTHER
Mnemiopsis_leidyi_5428,0,0,OTHER
Mnemiopsis_leidyi_5429,0,0,OTHER
Mnemiopsis_leidyi_5435,0,0,OTHER
Mnemiopsis_leidyi_5438,0,0,OTHER
Mnemiopsis_leidyi_5442,0,0,OTHER
Mnemiopsis_leidyi_5445,0,0,OTHER
Mnemiopsis_leidyi_5446,0,0,OTHER
Mnemiopsis_leidyi_5447,0,0,OTHER
Mnemiopsis_leidyi_5449,0,0,OTHER
Mnemiopsis_leidyi_5451,0,0,OTHER
Mnemiopsis_leidyi_5458,0,0,OTHER
Mnemiopsis_leidyi_5460,0,0,OTHER
Mnemiopsis_leidyi_5462,0,0,OTHER
Mnemiopsis_leidyi_5463,0,0,OTHER
Mnemiopsis_leidyi_5464,0,0,OTHER
Mnemiopsis_leidyi_5476,0,0,OTHER
Mnemiopsis_leidyi_5494,0,0,OTHER
Mnemiopsis_leidyi_5499,0,0,OTHER
Mnemiopsis_leidyi_5500,0,0,OTHER
Mnemiopsis_leidyi_5501,0,0,OTHER
Mnemiopsis_leidyi_5510,0,0,OTHER
Mnemiopsis_leidyi_5513,0,0,OTHER
Mnemiopsis_leidyi_5516,0,0,OTHER
Mnemiopsis_leidyi_5526,0,0,OTHER
Mnemiopsis_leidyi_5534,0,0,OTHER
Mnemiopsis_leidyi_5544,0,0,OTHER
Mnemiopsis_leidyi_5551,0,0,OTHER
Mnemiopsis_leidyi_5552,0,0,OTHER
Mnemiopsis_leidyi_5553,0,0,OTHER
Mnemiopsis_leidyi_5554,0,0,OTHER
Mnemiopsis_leidyi_5561,0,0,OTHER
Mnemiopsis_leidyi_5566,0,0,OTHER
Mnemiopsis_leidyi_5569,0,0,OTHER
Mnemiopsis_leidyi_5570,0,0,OTHER
Mnemiopsis_leidyi_5572,0,0,OTHER
Mnemiopsis_leidyi_5574,0,0,OTHER
Mnemiopsis_leidyi_5575,0,0,OTHER
Mnemiopsis_leidyi_5578,0,0,OTHER
Mnemiopsis_leidyi_5587,0,0,OTHER
Mnemiopsis_leidyi_5591,0,0,OTHER
Mnemiopsis_leidyi_5594,0,0,OTHER
Mnemiopsis_leidyi_5599,0,0,OTHER
Mnemiopsis_leidyi_5609,0,0,OTHER
Mnemiopsis_leidyi_5612,0,0,OTHER
Mnemiopsis_leidyi_5619,0,0,OTHER
Mnemiopsis_leidyi_5633,0,0,OTHER
Mnemiopsis_leidyi_5635,0,0,OTHER
Mnemiopsis_leidyi_5639,0,0,OTHER
Mnemiopsis_leidyi_5648,0,0,OTHER
Mnemiopsis_leidyi_5649,0,0,OTHER
Mnemiopsis_leidyi_5650,0,0,OTHER
Mnemiopsis_leidyi_5651,0,0,OTHER
Mnemiopsis_leidyi_5658,0,0,OTHER
Mnemiopsis_leidyi_5659,0,0,OTHER
Mnemiopsis_leidyi_5670,0,0,OTHER
Mnemiopsis_leidyi_5681,0,0,OTHER
Mnemiopsis_leidyi_5687,0,0,OTHER
Mnemiopsis_leidyi_5688,0,0,OTHER
Mnemiopsis_leidyi_5689,0,0,OTHER
Mnemiopsis_leidyi_5695,0,0,OTHER
Mnemiopsis_leidyi_5699,0,0,OTHER
Mnemiopsis_leidyi_5702,0,0,OTHER
Mnemiopsis_leidyi_5705,0,0,OTHER
Mnemiopsis_leidyi_5718,0,0,OTHER
Mnemiopsis_leidyi_5722,0,0,OTHER
Mnemiopsis_leidyi_5723,0,0,OTHER
Mnemiopsis_leidyi_5726,0,0,OTHER
Mnemiopsis_leidyi_5727,0,0,OTHER
Mnemiopsis_leidyi_5738,0,0,OTHER
Mnemiopsis_leidyi_5746,0,0,OTHER
Mnemiopsis_leidyi_5761,0,0,OTHER
Mnemiopsis_leidyi_5767,0,0,OTHER
Mnemiopsis_leidyi_5772,0,0,OTHER
Mnemiopsis_leidyi_5778,0,0,OTHER
Mnemiopsis_leidyi_5779,0,0,OTHER
Mnemiopsis_leidyi_5798,0,0,OTHER
Mnemiopsis_leidyi_5799,0,0,OTHER
Mnemiopsis_leidyi_5803,0,0,OTHER
Mnemiopsis_leidyi_5817,0,0,OTHER
Mnemiopsis_leidyi_5819,0,0,OTHER
Mnemiopsis_leidyi_5827,0,0,OTHER
Mnemiopsis_leidyi_5828,0,0,OTHER
Mnemiopsis_leidyi_5830,0,0,OTHER
Mnemiopsis_leidyi_5833,0,0,OTHER
Mnemiopsis_leidyi_5837,0,0,OTHER
Mnemiopsis_leidyi_5846,0,0,OTHER
Mnemiopsis_leidyi_5850,0,0,OTHER
Mnemiopsis_leidyi_5854,0,0,OTHER
Mnemiopsis_leidyi_5863,0,0,OTHER
Mnemiopsis_leidyi_5864,0,0,OTHER
Mnemiopsis_leidyi_5865,0,0,OTHER
Mnemiopsis_leidyi_5867,0,0,OTHER
Mnemiopsis_leidyi_5870,0,0,OTHER
Mnemiopsis_leidyi_5871,0,0,OTHER
Mnemiopsis_leidyi_5885,0,0,OTHER
Mnemiopsis_leidyi_5887,0,0,OTHER
Mnemiopsis_leidyi_5888,0,0,OTHER
Mnemiopsis_leidyi_5891,0,0,OTHER
Mnemiopsis_leidyi_5905,0,0,OTHER
Mnemiopsis_leidyi_5924,0,0,OTHER
Mnemiopsis_leidyi_5942,0,0,OTHER
Mnemiopsis_leidyi_5950,0,0,OTHER
Mnemiopsis_leidyi_5955,0,0,OTHER
Mnemiopsis_leidyi_5957,0,0,OTHER
Mnemiopsis_leidyi_5965,0,0,OTHER
Mnemiopsis_leidyi_5973,0,0,OTHER
Mnemiopsis_leidyi_5977,0,0,OTHER
Mnemiopsis_leidyi_5978,0,0,OTHER
Mnemiopsis_leidyi_5979,0,0,OTHER
Mnemiopsis_leidyi_5984,0,0,OTHER
Mnemiopsis_leidyi_5985,0,0,OTHER
Mnemiopsis_leidyi_5991,0,0,OTHER
Mnemiopsis_leidyi_5993,0,0,OTHER
Mnemiopsis_leidyi_5995,0,0,OTHER
Mnemiopsis_leidyi_5997,0,0,OTHER
Mnemiopsis_leidyi_6008,0,0,OTHER
Mnemiopsis_leidyi_6009,0,0,OTHER
Mnemiopsis_leidyi_6013,0,0,OTHER
Mnemiopsis_leidyi_6023,0,0,OTHER
Mnemiopsis_leidyi_6031,0,0,OTHER
Mnemiopsis_leidyi_6040,0,0,OTHER
Mnemiopsis_leidyi_6041,0,0,OTHER
Mnemiopsis_leidyi_6043,0,0,OTHER
Mnemiopsis_leidyi_6051,0,0,OTHER
Mnemiopsis_leidyi_6056,0,0,OTHER
Mnemiopsis_leidyi_6059,0,0,OTHER
Mnemiopsis_leidyi_6060,0,0,OTHER
Mnemiopsis_leidyi_6061,0,0,OTHER
Mnemiopsis_leidyi_6062,0,0,OTHER
Mnemiopsis_leidyi_6069,0,0,OTHER
Mnemiopsis_leidyi_6072,0,0,OTHER
Mnemiopsis_leidyi_6075,0,0,OTHER
Mnemiopsis_leidyi_6080,0,0,OTHER
Mnemiopsis_leidyi_6082,0,0,OTHER
Mnemiopsis_leidyi_6083,0,0,OTHER
Mnemiopsis_leidyi_6085,0,0,OTHER
Mnemiopsis_leidyi_6105,0,0,OTHER
Mnemiopsis_leidyi_6108,0,0,OTHER
Mnemiopsis_leidyi_6111,0,0,OTHER
Mnemiopsis_leidyi_6114,0,0,OTHER
Mnemiopsis_leidyi_6116,0,0,OTHER
Mnemiopsis_leidyi_6120,0,0,OTHER
Mnemiopsis_leidyi_6121,0,0,OTHER
Mnemiopsis_leidyi_6124,0,0,OTHER
Mnemiopsis_leidyi_6129,0,0,OTHER
Mnemiopsis_leidyi_6130,0,0,OTHER
Mnemiopsis_leidyi_6133,0,0,OTHER
Mnemiopsis_leidyi_6137,0,0,OTHER
Mnemiopsis_leidyi_6145,0,0,OTHER
Mnemiopsis_leidyi_6146,0,0,OTHER
Mnemiopsis_leidyi_6148,0,0,OTHER
Mnemiopsis_leidyi_6162,0,0,OTHER
Mnemiopsis_leidyi_6168,0,0,OTHER
Mnemiopsis_leidyi_6169,0,0,OTHER
Mnemiopsis_leidyi_6175,0,0,OTHER
Mnemiopsis_leidyi_6185,0,0,OTHER
Mnemiopsis_leidyi_6187,0,0,OTHER
Mnemiopsis_leidyi_6188,0,0,OTHER
Mnemiopsis_leidyi_6191,0,0,OTHER
Mnemiopsis_leidyi_6198,0,0,OTHER
Mnemiopsis_leidyi_6200,0,0,OTHER
Mnemiopsis_leidyi_6203,0,0,OTHER
Mnemiopsis_leidyi_6206,0,0,OTHER
Mnemiopsis_leidyi_6207,0,0,OTHER
Mnemiopsis_leidyi_6208,0,0,OTHER
Mnemiopsis_leidyi_6219,0,0,OTHER
Mnemiopsis_leidyi_6220,0,0,OTHER
Mnemiopsis_leidyi_6230,0,0,OTHER
Mnemiopsis_leidyi_6234,0,0,OTHER
Mnemiopsis_leidyi_6241,0,0,OTHER
Mnemiopsis_leidyi_6242,0,0,OTHER
Mnemiopsis_leidyi_6245,0,0,OTHER
Mnemiopsis_leidyi_6253,0,0,OTHER
Mnemiopsis_leidyi_6266,0,0,OTHER
Mnemiopsis_leidyi_6267,0,0,OTHER
Mnemiopsis_leidyi_6269,0,0,OTHER
Mnemiopsis_leidyi_6277,0,0,OTHER
Mnemiopsis_leidyi_6298,0,0,OTHER
Mnemiopsis_leidyi_6303,0,0,OTHER
Mnemiopsis_leidyi_6317,0,0,OTHER
Mnemiopsis_leidyi_6336,0,0,OTHER
Mnemiopsis_leidyi_6349,0,0,OTHER
Mnemiopsis_leidyi_6351,0,0,OTHER
Mnemiopsis_leidyi_6355,0,0,OTHER
Mnemiopsis_leidyi_6360,0,0,OTHER
Mnemiopsis_leidyi_6367,0,0,OTHER
Mnemiopsis_leidyi_6373,0,0,OTHER
Mnemiopsis_leidyi_6374,0,0,OTHER
Mnemiopsis_leidyi_6377,0,0,OTHER
Mnemiopsis_leidyi_6393,0,0,OTHER
Mnemiopsis_leidyi_6410,0,0,OTHER
Mnemiopsis_leidyi_6412,0,0,OTHER
Mnemiopsis_leidyi_6413,0,0,OTHER
Mnemiopsis_leidyi_6414,0,0,OTHER
Mnemiopsis_leidyi_6423,0,0,OTHER
Mnemiopsis_leidyi_6424,0,0,OTHER
Mnemiopsis_leidyi_6445,0,0,OTHER
Mnemiopsis_leidyi_6463,0,0,OTHER
Mnemiopsis_leidyi_6464,0,0,OTHER
Mnemiopsis_leidyi_6480,0,0,OTHER
Mnemiopsis_leidyi_6483,0,0,OTHER
Mnemiopsis_leidyi_6488,0,0,OTHER
Mnemiopsis_leidyi_6489,0,0,OTHER
Mnemiopsis_leidyi_6497,0,0,OTHER
Mnemiopsis_leidyi_6500,0,0,OTHER
Mnemiopsis_leidyi_6503,0,0,OTHER
Mnemiopsis_leidyi_6508,0,0,OTHER
Mnemiopsis_leidyi_6510,0,0,OTHER
Mnemiopsis_leidyi_6521,0,0,OTHER
Mnemiopsis_leidyi_6538,0,0,OTHER
Mnemiopsis_leidyi_6539,0,0,OTHER
Mnemiopsis_leidyi_6540,0,0,OTHER
Mnemiopsis_leidyi_6542,0,0,OTHER
Mnemiopsis_leidyi_6549,0,0,OTHER
Mnemiopsis_leidyi_6557,0,0,OTHER
Mnemiopsis_leidyi_6588,0,0,OTHER
Mnemiopsis_leidyi_6596,0,0,OTHER
Mnemiopsis_leidyi_6606,0,0,OTHER
Mnemiopsis_leidyi_6608,0,0,OTHER
Mnemiopsis_leidyi_6609,0,0,OTHER
Mnemiopsis_leidyi_6612,0,0,OTHER
Mnemiopsis_leidyi_6614,0,0,OTHER
Mnemiopsis_leidyi_6632,0,0,OTHER
Mnemiopsis_leidyi_6636,0,0,OTHER
Mnemiopsis_leidyi_6638,0,0,OTHER
Mnemiopsis_leidyi_6640,0,0,OTHER
Mnemiopsis_leidyi_6653,0,0,OTHER
Mnemiopsis_leidyi_6657,0,0,OTHER
Mnemiopsis_leidyi_6658,0,0,OTHER
Mnemiopsis_leidyi_6666,0,0,OTHER
Mnemiopsis_leidyi_6667,0,0,OTHER
Mnemiopsis_leidyi_6670,0,0,OTHER
Mnemiopsis_leidyi_6686,0,0,OTHER
Mnemiopsis_leidyi_6728,0,0,OTHER
Mnemiopsis_leidyi_6732,0,0,OTHER
Mnemiopsis_leidyi_6736,0,0,OTHER
Mnemiopsis_leidyi_6738,0,0,OTHER
Mnemiopsis_leidyi_6758,0,0,OTHER
Mnemiopsis_leidyi_6761,0,0,OTHER
Mnemiopsis_leidyi_6767,0,0,OTHER
Mnemiopsis_leidyi_6769,0,0,OTHER
Mnemiopsis_leidyi_6776,0,0,OTHER
Mnemiopsis_leidyi_6792,0,0,OTHER
Mnemiopsis_leidyi_6803,0,0,OTHER
Mnemiopsis_leidyi_6811,0,0,OTHER
Mnemiopsis_leidyi_6817,0,0,OTHER
Mnemiopsis_leidyi_6824,0,0,OTHER
Mnemiopsis_leidyi_6825,0,0,OTHER
Mnemiopsis_leidyi_6829,0,0,OTHER
Mnemiopsis_leidyi_6832,0,0,OTHER
Mnemiopsis_leidyi_6833,0,0,OTHER
Mnemiopsis_leidyi_6837,0,0,OTHER
Mnemiopsis_leidyi_6843,0,0,OTHER
Mnemiopsis_leidyi_6844,0,0,OTHER
Mnemiopsis_leidyi_6846,0,0,OTHER
Mnemiopsis_leidyi_6849,0,0,OTHER
Mnemiopsis_leidyi_6856,0,0,OTHER
Mnemiopsis_leidyi_6862,0,0,OTHER
Mnemiopsis_leidyi_6889,0,0,OTHER
Mnemiopsis_leidyi_6893,0,0,OTHER
Mnemiopsis_leidyi_6896,0,0,OTHER
Mnemiopsis_leidyi_6897,0,0,OTHER
Mnemiopsis_leidyi_6900,0,0,OTHER
Mnemiopsis_leidyi_6902,0,0,OTHER
Mnemiopsis_leidyi_6907,0,0,OTHER
Mnemiopsis_leidyi_6908,0,0,OTHER
Mnemiopsis_leidyi_6914,0,0,OTHER
Mnemiopsis_leidyi_6920,0,0,OTHER
Mnemiopsis_leidyi_6921,0,0,OTHER
Mnemiopsis_leidyi_6935,0,0,OTHER
Mnemiopsis_leidyi_6936,0,0,OTHER
Mnemiopsis_leidyi_6938,0,0,OTHER
Mnemiopsis_leidyi_6944,0,0,OTHER
Mnemiopsis_leidyi_6945,0,0,OTHER
Mnemiopsis_leidyi_6949,0,0,OTHER
Mnemiopsis_leidyi_6950,0,0,OTHER
Mnemiopsis_leidyi_6968,0,0,OTHER
Mnemiopsis_leidyi_6969,0,0,OTHER
Mnemiopsis_leidyi_6984,0,0,OTHER
Mnemiopsis_leidyi_6986,0,0,OTHER
Mnemiopsis_leidyi_6987,0,0,OTHER
Mnemiopsis_leidyi_6991,0,0,OTHER
Mnemiopsis_leidyi_6994,0,0,OTHER
Mnemiopsis_leidyi_7009,0,0,OTHER
Mnemiopsis_leidyi_7013,0,0,OTHER
Mnemiopsis_leidyi_7014,0,0,OTHER
Mnemiopsis_leidyi_7015,0,0,OTHER
Mnemiopsis_leidyi_7018,0,0,OTHER
Mnemiopsis_leidyi_7023,0,0,OTHER
Mnemiopsis_leidyi_7041,0,0,OTHER
Mnemiopsis_leidyi_7042,0,0,OTHER
Mnemiopsis_leidyi_7050,0,0,OTHER
Mnemiopsis_leidyi_7051,0,0,OTHER
Mnemiopsis_leidyi_7055,0,0,OTHER
Mnemiopsis_leidyi_7062,0,0,OTHER
Mnemiopsis_leidyi_7071,0,0,OTHER
Mnemiopsis_leidyi_7074,0,0,OTHER
Mnemiopsis_leidyi_7076,0,0,OTHER
Mnemiopsis_leidyi_7080,0,0,OTHER
Mnemiopsis_leidyi_7087,0,0,OTHER
Mnemiopsis_leidyi_7088,0,0,OTHER
Mnemiopsis_leidyi_7095,0,0,OTHER
Mnemiopsis_leidyi_7098,0,0,OTHER
Mnemiopsis_leidyi_7099,0,0,OTHER
Mnemiopsis_leidyi_7100,0,0,OTHER
Mnemiopsis_leidyi_7101,0,0,OTHER
Mnemiopsis_leidyi_7103,0,0,OTHER
Mnemiopsis_leidyi_7108,0,0,OTHER
Mnemiopsis_leidyi_7109,0,0,OTHER
Mnemiopsis_leidyi_7114,0,0,OTHER
Mnemiopsis_leidyi_7120,0,0,OTHER
Mnemiopsis_leidyi_7127,0,0,OTHER
Mnemiopsis_leidyi_7137,0,0,OTHER
Mnemiopsis_leidyi_7155,0,0,OTHER
Mnemiopsis_leidyi_7170,0,0,OTHER
Mnemiopsis_leidyi_7177,0,0,OTHER
Mnemiopsis_leidyi_7191,0,0,OTHER
Mnemiopsis_leidyi_7194,0,0,OTHER
Mnemiopsis_leidyi_7207,0,0,OTHER
Mnemiopsis_leidyi_7208,0,0,OTHER
Mnemiopsis_leidyi_7210,0,0,OTHER
Mnemiopsis_leidyi_7221,0,0,OTHER
Mnemiopsis_leidyi_7225,0,0,OTHER
Mnemiopsis_leidyi_7226,0,0,OTHER
Mnemiopsis_leidyi_7229,0,0,OTHER
Mnemiopsis_leidyi_7230,0,0,OTHER
Mnemiopsis_leidyi_7232,0,0,OTHER
Mnemiopsis_leidyi_7239,0,0,OTHER
Mnemiopsis_leidyi_7242,0,0,OTHER
Mnemiopsis_leidyi_7244,0,0,OTHER
Mnemiopsis_leidyi_7248,0,0,OTHER
Mnemiopsis_leidyi_7265,0,0,OTHER
Mnemiopsis_leidyi_7277,0,0,OTHER
Mnemiopsis_leidyi_7290,0,0,OTHER
Mnemiopsis_leidyi_7295,0,0,OTHER
Mnemiopsis_leidyi_7305,0,0,OTHER
Mnemiopsis_leidyi_7306,0,0,OTHER
Mnemiopsis_leidyi_7315,0,0,OTHER
Mnemiopsis_leidyi_7322,0,0,OTHER
Mnemiopsis_leidyi_7335,0,0,OTHER
Mnemiopsis_leidyi_7337,0,0,OTHER
Mnemiopsis_leidyi_7341,0,0,OTHER
Mnemiopsis_leidyi_7348,0,0,OTHER
Mnemiopsis_leidyi_7357,0,0,OTHER
Mnemiopsis_leidyi_7362,0,0,OTHER
Mnemiopsis_leidyi_7366,0,0,OTHER
Mnemiopsis_leidyi_7370,0,0,OTHER
Mnemiopsis_leidyi_7376,0,0,OTHER
Mnemiopsis_leidyi_7386,0,0,OTHER
Mnemiopsis_leidyi_7387,0,0,OTHER
Mnemiopsis_leidyi_7388,0,0,OTHER
Mnemiopsis_leidyi_7395,0,0,OTHER
Mnemiopsis_leidyi_7428,0,0,OTHER
Mnemiopsis_leidyi_7450,0,0,OTHER
Mnemiopsis_leidyi_7454,0,0,OTHER
Mnemiopsis_leidyi_7455,0,0,OTHER
Mnemiopsis_leidyi_7466,0,0,OTHER
Mnemiopsis_leidyi_7471,0,0,OTHER
Mnemiopsis_leidyi_7480,0,0,OTHER
Mnemiopsis_leidyi_7481,0,0,OTHER
Mnemiopsis_leidyi_7484,0,0,OTHER
Mnemiopsis_leidyi_7486,0,0,OTHER
Mnemiopsis_leidyi_7492,0,0,OTHER
Mnemiopsis_leidyi_7501,0,0,OTHER
Mnemiopsis_leidyi_7520,0,0,OTHER
Mnemiopsis_leidyi_7524,0,0,OTHER
Mnemiopsis_leidyi_7530,0,0,OTHER
Mnemiopsis_leidyi_7533,0,0,OTHER
Mnemiopsis_leidyi_7547,0,0,OTHER
Mnemiopsis_leidyi_7553,0,0,OTHER
Mnemiopsis_leidyi_7555,0,0,OTHER
Mnemiopsis_leidyi_7568,0,0,OTHER
Mnemiopsis_leidyi_7574,0,0,OTHER
Mnemiopsis_leidyi_7584,0,0,OTHER
Mnemiopsis_leidyi_7587,0,0,OTHER
Mnemiopsis_leidyi_7594,0,0,OTHER
Mnemiopsis_leidyi_7602,0,0,OTHER
Mnemiopsis_leidyi_7605,0,0,OTHER
Mnemiopsis_leidyi_7614,0,0,OTHER
Mnemiopsis_leidyi_7615,0,0,OTHER
Mnemiopsis_leidyi_7619,0,0,OTHER
Mnemiopsis_leidyi_7621,0,0,OTHER
Mnemiopsis_leidyi_7622,0,0,OTHER
Mnemiopsis_leidyi_7624,0,0,OTHER
Mnemiopsis_leidyi_7627,0,0,OTHER
Mnemiopsis_leidyi_7654,0,0,OTHER
Mnemiopsis_leidyi_7661,0,0,OTHER
Mnemiopsis_leidyi_7681,0,0,OTHER
Mnemiopsis_leidyi_7702,0,0,OTHER
Mnemiopsis_leidyi_7726,0,0,OTHER
Mnemiopsis_leidyi_7729,0,0,OTHER
Mnemiopsis_leidyi_7732,0,0,OTHER
Mnemiopsis_leidyi_7738,0,0,OTHER
Mnemiopsis_leidyi_7742,0,0,OTHER
Mnemiopsis_leidyi_7743,0,0,OTHER
Mnemiopsis_leidyi_7746,0,0,OTHER
Mnemiopsis_leidyi_7747,0,0,OTHER
Mnemiopsis_leidyi_7750,0,0,OTHER
Mnemiopsis_leidyi_7756,0,0,OTHER
Mnemiopsis_leidyi_7765,0,0,OTHER
Mnemiopsis_leidyi_7775,0,0,OTHER
Mnemiopsis_leidyi_7794,0,0,OTHER
Mnemiopsis_leidyi_7799,0,0,OTHER
Mnemiopsis_leidyi_7811,0,0,OTHER
Mnemiopsis_leidyi_7812,0,0,OTHER
Mnemiopsis_leidyi_7813,0,0,OTHER
Mnemiopsis_leidyi_7814,0,0,OTHER
Mnemiopsis_leidyi_7821,0,0,OTHER
Mnemiopsis_leidyi_7828,0,0,OTHER
Mnemiopsis_leidyi_7829,0,0,OTHER
Mnemiopsis_leidyi_7840,0,0,OTHER
Mnemiopsis_leidyi_7841,0,0,OTHER
Mnemiopsis_leidyi_7843,0,0,OTHER
Mnemiopsis_leidyi_7849,0,0,OTHER
Mnemiopsis_leidyi_7850,0,0,OTHER
Mnemiopsis_leidyi_7855,0,0,OTHER
Mnemiopsis_leidyi_7862,0,0,OTHER
Mnemiopsis_leidyi_7868,0,0,OTHER
Mnemiopsis_leidyi_7878,0,0,OTHER
Mnemiopsis_leidyi_7881,0,0,OTHER
Mnemiopsis_leidyi_7883,0,0,OTHER
Mnemiopsis_leidyi_7889,0,0,OTHER
Mnemiopsis_leidyi_7893,0,0,OTHER
Mnemiopsis_leidyi_7906,0,0,OTHER
Mnemiopsis_leidyi_7936,0,0,OTHER
Mnemiopsis_leidyi_7940,0,0,OTHER
Mnemiopsis_leidyi_7941,0,0,OTHER
Mnemiopsis_leidyi_7942,0,0,OTHER
Mnemiopsis_leidyi_7943,0,0,OTHER
Mnemiopsis_leidyi_7944,0,0,OTHER
Mnemiopsis_leidyi_7945,0,0,OTHER
Mnemiopsis_leidyi_7949,0,0,OTHER
Mnemiopsis_leidyi_7952,0,0,OTHER
Mnemiopsis_leidyi_7961,0,0,OTHER
Mnemiopsis_leidyi_7962,0,0,OTHER
Mnemiopsis_leidyi_7969,0,0,OTHER
Mnemiopsis_leidyi_7973,0,0,OTHER
Mnemiopsis_leidyi_7974,0,0,OTHER
Mnemiopsis_leidyi_7975,0,0,OTHER
Mnemiopsis_leidyi_7977,0,0,OTHER
Mnemiopsis_leidyi_7985,0,0,OTHER
Mnemiopsis_leidyi_7990,0,0,OTHER
Mnemiopsis_leidyi_8014,0,0,OTHER
Mnemiopsis_leidyi_8041,0,0,OTHER
Mnemiopsis_leidyi_8051,0,0,OTHER
Mnemiopsis_leidyi_8073,0,0,OTHER
Mnemiopsis_leidyi_8074,0,0,OTHER
Mnemiopsis_leidyi_8076,0,0,OTHER
Mnemiopsis_leidyi_8077,0,0,OTHER
Mnemiopsis_leidyi_8081,0,0,OTHER
Mnemiopsis_leidyi_8084,0,0,OTHER
Mnemiopsis_leidyi_8085,0,0,OTHER
Mnemiopsis_leidyi_8088,0,0,OTHER
Mnemiopsis_leidyi_8094,0,0,OTHER
Mnemiopsis_leidyi_8099,0,0,OTHER
Mnemiopsis_leidyi_8101,0,0,OTHER
Mnemiopsis_leidyi_8103,0,0,OTHER
Mnemiopsis_leidyi_8115,0,0,OTHER
Mnemiopsis_leidyi_8116,0,0,OTHER
Mnemiopsis_leidyi_8117,0,0,OTHER
Mnemiopsis_leidyi_8119,0,0,OTHER
Mnemiopsis_leidyi_8128,0,0,OTHER
Mnemiopsis_leidyi_8131,0,0,OTHER
Mnemiopsis_leidyi_8132,0,0,OTHER
Mnemiopsis_leidyi_8145,0,0,OTHER
Mnemiopsis_leidyi_8176,0,0,OTHER
Mnemiopsis_leidyi_8177,0,0,OTHER
Mnemiopsis_leidyi_8187,0,0,OTHER
Mnemiopsis_leidyi_8192,0,0,OTHER
Mnemiopsis_leidyi_8194,0,0,OTHER
Mnemiopsis_leidyi_8197,0,0,OTHER
Mnemiopsis_leidyi_8199,0,0,OTHER
Mnemiopsis_leidyi_8213,0,0,OTHER
Mnemiopsis_leidyi_8241,0,0,OTHER
Mnemiopsis_leidyi_8245,0,0,OTHER
Mnemiopsis_leidyi_8246,0,0,OTHER
Mnemiopsis_leidyi_8252,0,0,OTHER
Mnemiopsis_leidyi_8255,0,0,OTHER
Mnemiopsis_leidyi_8278,0,0,OTHER
Mnemiopsis_leidyi_8282,0,0,OTHER
Mnemiopsis_leidyi_8284,0,0,OTHER
Mnemiopsis_leidyi_8294,0,0,OTHER
Mnemiopsis_leidyi_8298,0,0,OTHER
Mnemiopsis_leidyi_8304,0,0,OTHER
Mnemiopsis_leidyi_8322,0,0,OTHER
Mnemiopsis_leidyi_8330,0,0,OTHER
Mnemiopsis_leidyi_8339,0,0,OTHER
Mnemiopsis_leidyi_8360,0,0,OTHER
Mnemiopsis_leidyi_8364,0,0,OTHER
Mnemiopsis_leidyi_8390,0,0,OTHER
Mnemiopsis_leidyi_8391,0,0,OTHER
Mnemiopsis_leidyi_8416,0,0,OTHER
Mnemiopsis_leidyi_8426,0,0,OTHER
Mnemiopsis_leidyi_8431,0,0,OTHER
Mnemiopsis_leidyi_8443,0,0,OTHER
Mnemiopsis_leidyi_8444,0,0,OTHER
Mnemiopsis_leidyi_8454,0,0,OTHER
Mnemiopsis_leidyi_8455,0,0,OTHER
Mnemiopsis_leidyi_8456,0,0,OTHER
Mnemiopsis_leidyi_8458,0,0,OTHER
Mnemiopsis_leidyi_8459,0,0,OTHER
Mnemiopsis_leidyi_8460,0,0,OTHER
Mnemiopsis_leidyi_8461,0,0,OTHER
Mnemiopsis_leidyi_8462,0,0,OTHER
Mnemiopsis_leidyi_8465,0,0,OTHER
Mnemiopsis_leidyi_8467,0,0,OTHER
Mnemiopsis_leidyi_8469,0,0,OTHER
Mnemiopsis_leidyi_8475,0,0,OTHER
Mnemiopsis_leidyi_8476,0,0,OTHER
Mnemiopsis_leidyi_8477,0,0,OTHER
Mnemiopsis_leidyi_8480,0,0,OTHER
Mnemiopsis_leidyi_8486,0,0,OTHER
Mnemiopsis_leidyi_8501,0,0,OTHER
Mnemiopsis_leidyi_8503,0,0,OTHER
Mnemiopsis_leidyi_8506,0,0,OTHER
Mnemiopsis_leidyi_8509,0,0,OTHER
Mnemiopsis_leidyi_8513,0,0,OTHER
Mnemiopsis_leidyi_8516,0,0,OTHER
Mnemiopsis_leidyi_8539,0,0,OTHER
Mnemiopsis_leidyi_8541,0,0,OTHER
Mnemiopsis_leidyi_8542,0,0,OTHER
Mnemiopsis_leidyi_8545,0,0,OTHER
Mnemiopsis_leidyi_8546,0,0,OTHER
Mnemiopsis_leidyi_8549,0,0,OTHER
Mnemiopsis_leidyi_8551,0,0,OTHER
Mnemiopsis_leidyi_8553,0,0,OTHER
Mnemiopsis_leidyi_8555,0,0,OTHER
Mnemiopsis_leidyi_8556,0,0,OTHER
Mnemiopsis_leidyi_8557,0,0,OTHER
Mnemiopsis_leidyi_8562,0,0,OTHER
Mnemiopsis_leidyi_8563,0,0,OTHER
Mnemiopsis_leidyi_8570,0,0,OTHER
Mnemiopsis_leidyi_8575,0,0,OTHER
Mnemiopsis_leidyi_8580,0,0,OTHER
Mnemiopsis_leidyi_8583,0,0,OTHER
Mnemiopsis_leidyi_8584,0,0,OTHER
Mnemiopsis_leidyi_8586,0,0,OTHER
Mnemiopsis_leidyi_8587,0,0,OTHER
Mnemiopsis_leidyi_8588,0,0,OTHER
Mnemiopsis_leidyi_8593,0,0,OTHER
Mnemiopsis_leidyi_8595,0,0,OTHER
Mnemiopsis_leidyi_8604,0,0,OTHER
Mnemiopsis_leidyi_8607,0,0,OTHER
Mnemiopsis_leidyi_8614,0,0,OTHER
Mnemiopsis_leidyi_8615,0,0,OTHER
Mnemiopsis_leidyi_8618,0,0,OTHER
Mnemiopsis_leidyi_8620,0,0,OTHER
Mnemiopsis_leidyi_8629,0,0,OTHER
Mnemiopsis_leidyi_8631,0,0,OTHER
Mnemiopsis_leidyi_8636,0,0,OTHER
Mnemiopsis_leidyi_8638,0,0,OTHER
Mnemiopsis_leidyi_8644,0,0,OTHER
Mnemiopsis_leidyi_8656,0,0,OTHER
Mnemiopsis_leidyi_8658,0,0,OTHER
Mnemiopsis_leidyi_8660,0,0,OTHER
Mnemiopsis_leidyi_8663,0,0,OTHER
Mnemiopsis_leidyi_8664,0,0,OTHER
Mnemiopsis_leidyi_8668,0,0,OTHER
Mnemiopsis_leidyi_8673,0,0,OTHER
Mnemiopsis_leidyi_8677,0,0,OTHER
Mnemiopsis_leidyi_8678,0,0,OTHER
Mnemiopsis_leidyi_8682,0,0,OTHER
Mnemiopsis_leidyi_8683,0,0,OTHER
Mnemiopsis_leidyi_8693,0,0,OTHER
Mnemiopsis_leidyi_8694,0,0,OTHER
Mnemiopsis_leidyi_8699,0,0,OTHER
Mnemiopsis_leidyi_8706,0,0,OTHER
Mnemiopsis_leidyi_8710,0,0,OTHER
Mnemiopsis_leidyi_8721,0,0,OTHER
Mnemiopsis_leidyi_8723,0,0,OTHER
Mnemiopsis_leidyi_8726,0,0,OTHER
Mnemiopsis_leidyi_8731,0,0,OTHER
Mnemiopsis_leidyi_8734,0,0,OTHER
Mnemiopsis_leidyi_8740,0,0,OTHER
Mnemiopsis_leidyi_8746,0,0,OTHER
Mnemiopsis_leidyi_8749,0,0,OTHER
Mnemiopsis_leidyi_8751,0,0,OTHER
Mnemiopsis_leidyi_8752,0,0,OTHER
Mnemiopsis_leidyi_8756,0,0,OTHER
Mnemiopsis_leidyi_8760,0,0,OTHER
Mnemiopsis_leidyi_8762,0,0,OTHER
Mnemiopsis_leidyi_8768,0,0,OTHER
Mnemiopsis_leidyi_8770,0,0,OTHER
Mnemiopsis_leidyi_8773,0,0,OTHER
Mnemiopsis_leidyi_8777,0,0,OTHER
Mnemiopsis_leidyi_8780,0,0,OTHER
Mnemiopsis_leidyi_8803,0,0,OTHER
Mnemiopsis_leidyi_8804,0,0,OTHER
Mnemiopsis_leidyi_8805,0,0,OTHER
Mnemiopsis_leidyi_8807,0,0,OTHER
Mnemiopsis_leidyi_8811,0,0,OTHER
Mnemiopsis_leidyi_8815,0,0,OTHER
Mnemiopsis_leidyi_8823,0,0,OTHER
Mnemiopsis_leidyi_8824,0,0,OTHER
Mnemiopsis_leidyi_8826,0,0,OTHER
Mnemiopsis_leidyi_8830,0,0,OTHER
Mnemiopsis_leidyi_8832,0,0,OTHER
Mnemiopsis_leidyi_8834,0,0,OTHER
Mnemiopsis_leidyi_8837,0,0,OTHER
Mnemiopsis_leidyi_8838,0,0,OTHER
Mnemiopsis_leidyi_8841,0,0,OTHER
Mnemiopsis_leidyi_8843,0,0,OTHER
Mnemiopsis_leidyi_8847,0,0,OTHER
Mnemiopsis_leidyi_8856,0,0,OTHER
Mnemiopsis_leidyi_8860,0,0,OTHER
Mnemiopsis_leidyi_8862,0,0,OTHER
Mnemiopsis_leidyi_8865,0,0,OTHER
Mnemiopsis_leidyi_8869,0,0,OTHER
Mnemiopsis_leidyi_8870,0,0,OTHER
Mnemiopsis_leidyi_8872,0,0,OTHER
Mnemiopsis_leidyi_8876,0,0,OTHER
Mnemiopsis_leidyi_8883,0,0,OTHER
Mnemiopsis_leidyi_8885,0,0,OTHER
Mnemiopsis_leidyi_8887,0,0,OTHER
Mnemiopsis_leidyi_8889,0,0,OTHER
Mnemiopsis_leidyi_8893,0,0,OTHER
Mnemiopsis_leidyi_8895,0,0,OTHER
Mnemiopsis_leidyi_8898,0,0,OTHER
Mnemiopsis_leidyi_8902,0,0,OTHER
Mnemiopsis_leidyi_8906,0,0,OTHER
Mnemiopsis_leidyi_8907,0,0,OTHER
Mnemiopsis_leidyi_8914,0,0,OTHER
Mnemiopsis_leidyi_8915,0,0,OTHER
Mnemiopsis_leidyi_8917,0,0,OTHER
Mnemiopsis_leidyi_8920,0,0,OTHER
Mnemiopsis_leidyi_8922,0,0,OTHER
Mnemiopsis_leidyi_8923,0,0,OTHER
Mnemiopsis_leidyi_8926,0,0,OTHER
Mnemiopsis_leidyi_8931,0,0,OTHER
Mnemiopsis_leidyi_8933,0,0,OTHER
Mnemiopsis_leidyi_8939,0,0,OTHER
Mnemiopsis_leidyi_8944,0,0,OTHER
Mnemiopsis_leidyi_8948,0,0,OTHER
Mnemiopsis_leidyi_8951,0,0,OTHER
Mnemiopsis_leidyi_8952,0,0,OTHER
Mnemiopsis_leidyi_8954,0,0,OTHER
Mnemiopsis_leidyi_8955,0,0,OTHER
Mnemiopsis_leidyi_8963,0,0,OTHER
Mnemiopsis_leidyi_8967,0,0,OTHER
Mnemiopsis_leidyi_8968,0,0,OTHER
Mnemiopsis_leidyi_8969,0,0,OTHER
Mnemiopsis_leidyi_8970,0,0,OTHER
Mnemiopsis_leidyi_8971,0,0,OTHER
Mnemiopsis_leidyi_8972,0,0,OTHER
Mnemiopsis_leidyi_8973,0,0,OTHER
Mnemiopsis_leidyi_8974,0,0,OTHER
Mnemiopsis_leidyi_8975,0,0,OTHER
Mnemiopsis_leidyi_8977,0,0,OTHER
Mnemiopsis_leidyi_8979,0,0,OTHER
Mnemiopsis_leidyi_8983,0,0,OTHER
Mnemiopsis_leidyi_18985,0,0,OTHER
Mnemiopsis_leidyi_18986,0,0,OTHER
